{
  "n_steps_total": 11590,
  "n_steps_accepted": 3184,
  "acceptance_rate": 0.27471958584987055,
  "cv_names": [
    "ligand_rmsd",
    "ligand_pocket_dist"
  ],
  "rmsd_all": {
    "n": 11590,
    "mean": 0.49236786240909325,
    "std": 0.35038593585131567,
    "p5": 0.06230387467077391,
    "p25": 0.12785894830812194,
    "p50": 0.49236732835746266,
    "p75": 0.7285291163527019,
    "p90": 0.9416598557561106,
    "p95": 1.187198235197375,
    "p99": 1.307190102556755,
    "tail_fraction_rmsd_gt_0.50A": 0.48869715271786024,
    "tail_fraction_rmsd_gt_0.75A": 0.2352890422778257,
    "tail_fraction_rmsd_gt_1.00A": 0.08766177739430543,
    "tail_fraction_rmsd_gt_1.25A": 0.016824849007765316,
    "run_stats_rmsd_gt_0.50A": {
      "n_runs": 147,
      "isolated_fraction": 0.05442176870748299,
      "mean_run_length": 38.53061224489796,
      "max_run_length": 299
    },
    "run_stats_rmsd_gt_0.75A": {
      "n_runs": 46,
      "isolated_fraction": 0.021739130434782608,
      "mean_run_length": 59.28260869565217,
      "max_run_length": 215
    },
    "run_stats_rmsd_gt_1.00A": {
      "n_runs": 14,
      "isolated_fraction": 0.07142857142857142,
      "mean_run_length": 72.57142857142857,
      "max_run_length": 196
    },
    "run_stats_rmsd_gt_1.25A": {
      "n_runs": 2,
      "isolated_fraction": 0.5,
      "mean_run_length": 97.5,
      "max_run_length": 194
    }
  },
  "rmsd_accepted": {
    "n": 3184,
    "mean": 0.3849803493154541,
    "std": 0.323402785707668,
    "p5": 0.05784167278168028,
    "p25": 0.0949551444809871,
    "p50": 0.26276478892713184,
    "p75": 0.6035139685530738,
    "p90": 0.8483218800205078,
    "p95": 0.9476224253566659,
    "p99": 1.2287536638454286,
    "tail_fraction_rmsd_gt_0.50A": 0.36620603015075376,
    "tail_fraction_rmsd_gt_0.75A": 0.14729899497487436,
    "tail_fraction_rmsd_gt_1.00A": 0.04491206030150754,
    "tail_fraction_rmsd_gt_1.25A": 0.008793969849246231,
    "run_stats_rmsd_gt_0.50A": {
      "n_runs": 147,
      "isolated_fraction": 0.2108843537414966,
      "mean_run_length": 7.931972789115647,
      "max_run_length": 52
    },
    "run_stats_rmsd_gt_0.75A": {
      "n_runs": 46,
      "isolated_fraction": 0.06521739130434782,
      "mean_run_length": 10.195652173913043,
      "max_run_length": 30
    },
    "run_stats_rmsd_gt_1.00A": {
      "n_runs": 14,
      "isolated_fraction": 0.14285714285714285,
      "mean_run_length": 10.214285714285714,
      "max_run_length": 27
    },
    "run_stats_rmsd_gt_1.25A": {
      "n_runs": 2,
      "isolated_fraction": 0.5,
      "mean_run_length": 14.0,
      "max_run_length": 27
    }
  },
  "pocket_dist_all": {
    "n": 11590,
    "mean": 5.44374325301745,
    "std": 0.10787441319852593,
    "p5": 5.3108607466057265,
    "p25": 5.348008976751927,
    "p50": 5.404753038349259,
    "p75": 5.542650576301741,
    "p90": 5.608580848910176,
    "p95": 5.620607081419326,
    "p99": 5.642703075418042,
    "tail_fraction_pocket_gt_5.5A": 0.3537532355478861,
    "tail_fraction_pocket_gt_5.6A": 0.12088006902502157,
    "tail_fraction_pocket_gt_5.7A": 0.0,
    "tail_fraction_pocket_gt_5.8A": 0.0
  },
  "pocket_dist_accepted": {
    "n": 3184,
    "mean": 5.412188088396198,
    "std": 0.0973689905625768,
    "p5": 5.309567032946717,
    "p25": 5.341425272834205,
    "p50": 5.373780429294923,
    "p75": 5.477503555346897,
    "p90": 5.585772959731199,
    "p95": 5.613546603329873,
    "p99": 5.635757282112205,
    "tail_fraction_pocket_gt_5.5A": 0.22016331658291458,
    "tail_fraction_pocket_gt_5.6A": 0.08008793969849247,
    "tail_fraction_pocket_gt_5.7A": 0.0,
    "tail_fraction_pocket_gt_5.8A": 0.0
  },
  "density_peaks_2d": [
    [
      0.0673043144992533,
      5.366762951516632
    ],
    [
      0.0673043144992533,
      5.340635464379972
    ],
    [
      0.6954779164829507,
      5.549655361473261
    ],
    [
      0.8300865454794573,
      5.614974079314914
    ],
    [
      1.1890428894701415,
      5.340635464379972
    ],
    [
      0.6954779164829507,
      5.575782848609922
    ],
    [
      0.560869287486444,
      5.32757172081164
    ],
    [
      0.24678248649459542,
      5.510464130768269
    ]
  ]
}