{
  "ndim": 1,
  "kbt": 1.0,
  "barrier": 5.0,
  "biasfactor": 10.0,
  "epsilon": 0.006737946999085467,
  "kernel_cutoff": 3.605551275463989,
  "compression_threshold": 0.5,
  "pace": 10,
  "sigma_min": [
    0.01
  ],
  "fixed_sigma": null,
  "explore": false,
  "bias_prefactor": 0.9,
  "sigma_0": [
    3.1622776601683795
  ],
  "sum_weights": 151.5914491381333,
  "sum_weights2": 159.24429764000595,
  "counter": 154,
  "zed": 150.3101460978509,
  "kde_norm": 151.5914491381333,
  "welford_n": 1540,
  "welford_mean": [
    0.9075998075998064
  ],
  "welford_m2": [
    0.5390376427413498
  ],
  "n_merges": 152,
  "kernels": [
    {
      "center": [
        0.925925925925926
      ],
      "sigma": [
        0.010747161192524335
      ],
      "height": 28210.34865421235
    },
    {
      "center": [
        0.888888888888889
      ],
      "sigma": [
        0.010476325955170182
      ],
      "height": 17390.250496992252
    }
  ],
  "bias_cv": "posebusters_pass_fraction",
  "bias_cv_names": [
    "posebusters_pass_fraction"
  ]
}