{
  "ndim": 1,
  "kbt": 1.0,
  "barrier": 5.0,
  "biasfactor": 10.0,
  "epsilon": 0.006737946999085467,
  "kernel_cutoff": 3.605551275463989,
  "compression_threshold": 0.5,
  "pace": 10,
  "sigma_min": [
    0.01
  ],
  "fixed_sigma": null,
  "explore": false,
  "bias_prefactor": 0.9,
  "sigma_0": [
    3.1622776601683795
  ],
  "sum_weights": 153.5926138135463,
  "sum_weights2": 161.33986412231124,
  "counter": 156,
  "zed": 150.40700293079595,
  "kde_norm": 153.5926138135463,
  "welford_n": 1560,
  "welford_mean": [
    0.9074786324786314
  ],
  "welford_m2": [
    0.5459454468713758
  ],
  "n_merges": 154,
  "kernels": [
    {
      "center": [
        0.925925925925926
      ],
      "sigma": [
        0.010737454640165275
      ],
      "height": 28595.03811300032
    },
    {
      "center": [
        0.8888888888888888
      ],
      "sigma": [
        0.010469775353352005
      ],
      "height": 17638.38487294195
    }
  ],
  "bias_cv": "posebusters_pass_fraction",
  "bias_cv_names": [
    "posebusters_pass_fraction"
  ]
}