{
  "ndim": 1,
  "kbt": 1.0,
  "barrier": 5.0,
  "biasfactor": 10.0,
  "epsilon": 0.006737946999085467,
  "kernel_cutoff": 3.605551275463989,
  "compression_threshold": 0.5,
  "pace": 10,
  "sigma_min": [
    0.01
  ],
  "fixed_sigma": null,
  "explore": false,
  "bias_prefactor": 0.9,
  "sigma_0": [
    3.1622776601683795
  ],
  "sum_weights": 169.20405025172593,
  "sum_weights2": 180.61412584107381,
  "counter": 171,
  "zed": 100.73519393984326,
  "kde_norm": 169.20405025172593,
  "welford_n": 1710,
  "welford_mean": [
    0.9070825211176073
  ],
  "welford_m2": [
    0.6246480398527207
  ],
  "n_merges": 168,
  "kernels": [
    {
      "center": [
        0.9259259259259262
      ],
      "sigma": [
        0.01066615330371676
      ],
      "height": 31764.908498100274
    },
    {
      "center": [
        0.888888888888889
      ],
      "sigma": [
        0.010427955357204746
      ],
      "height": 19401.653840926432
    },
    {
      "center": [
        0.8518518518518519
      ],
      "sigma": [
        0.01
      ],
      "height": 3.630316074984131
    }
  ],
  "bias_cv": "posebusters_pass_fraction",
  "bias_cv_names": [
    "posebusters_pass_fraction"
  ]
}