{
  "ndim": 1,
  "kbt": 1.0,
  "barrier": 5.0,
  "biasfactor": 10.0,
  "epsilon": 0.006737946999085467,
  "kernel_cutoff": 3.605551275463989,
  "compression_threshold": 0.5,
  "pace": 10,
  "sigma_min": [
    0.01
  ],
  "fixed_sigma": null,
  "explore": false,
  "bias_prefactor": 0.9,
  "sigma_0": [
    3.1622776601683795
  ],
  "sum_weights": 147.58943765893972,
  "sum_weights2": 155.0581689568856,
  "counter": 150,
  "zed": 150.1086422103206,
  "kde_norm": 147.58943765893972,
  "welford_n": 1500,
  "welford_mean": [
    0.9075555555555546
  ],
  "welford_m2": [
    0.525344307270236
  ],
  "n_merges": 148,
  "kernels": [
    {
      "center": [
        0.9259259259259259
      ],
      "sigma": [
        0.010767317553577257
      ],
      "height": 27442.640994104477
    },
    {
      "center": [
        0.8888888888888888
      ],
      "sigma": [
        0.010490035748579552
      ],
      "height": 16892.411007461
    }
  ],
  "bias_cv": "posebusters_pass_fraction",
  "bias_cv_names": [
    "posebusters_pass_fraction"
  ]
}