{
  "ndim": 1,
  "kbt": 1.0,
  "barrier": 5.0,
  "biasfactor": 10.0,
  "epsilon": 0.006737946999085467,
  "kernel_cutoff": 3.605551275463989,
  "compression_threshold": 0.5,
  "pace": 10,
  "sigma_min": [
    0.01
  ],
  "fixed_sigma": null,
  "explore": false,
  "bias_prefactor": 0.9,
  "sigma_0": [
    3.1622776601683795
  ],
  "sum_weights": 66.92653091283417,
  "sum_weights2": 70.5739486398792,
  "counter": 69,
  "zed": 141.03128087860517,
  "kde_norm": 66.92653091283417,
  "welford_n": 690,
  "welford_mean": [
    0.9074610842726784
  ],
  "welford_m2": [
    0.24759746327110949
  ],
  "n_merges": 67,
  "kernels": [
    {
      "center": [
        0.9259259259259256
      ],
      "sigma": [
        0.011687088798749388
      ],
      "height": 11952.045608876511
    },
    {
      "center": [
        0.8888888888888887
      ],
      "sigma": [
        0.01116559863885933
      ],
      "height": 6875.155591943466
    }
  ],
  "bias_cv": "posebusters_pass_fraction",
  "bias_cv_names": [
    "posebusters_pass_fraction"
  ]
}