{
  "ndim": 1,
  "kbt": 1.0,
  "barrier": 5.0,
  "biasfactor": 10.0,
  "epsilon": 0.006737946999085467,
  "kernel_cutoff": 3.605551275463989,
  "compression_threshold": 0.5,
  "pace": 10,
  "sigma_min": [
    0.01
  ],
  "fixed_sigma": null,
  "explore": false,
  "bias_prefactor": 0.9,
  "sigma_0": [
    3.1622776601683795
  ],
  "sum_weights": 35.490317998274165,
  "sum_weights2": 37.48019227502233,
  "counter": 38,
  "zed": 127.00101594635974,
  "kde_norm": 35.490317998274165,
  "welford_n": 380,
  "welford_mean": [
    0.9045808966861596
  ],
  "welford_m2": [
    0.13825355569995004
  ],
  "n_merges": 36,
  "kernels": [
    {
      "center": [
        0.9259259259259256
      ],
      "sigma": [
        0.013372530599003094
      ],
      "height": 5547.7873465049015
    },
    {
      "center": [
        0.8888888888888887
      ],
      "sigma": [
        0.01228034460021187
      ],
      "height": 3338.410472314092
    }
  ],
  "bias_cv": "posebusters_pass_fraction",
  "bias_cv_names": [
    "posebusters_pass_fraction"
  ]
}