{
  "ndim": 1,
  "kbt": 1.0,
  "barrier": 5.0,
  "biasfactor": 10.0,
  "epsilon": 0.006737946999085467,
  "kernel_cutoff": 3.605551275463989,
  "compression_threshold": 0.5,
  "pace": 10,
  "sigma_min": [
    0.01
  ],
  "fixed_sigma": null,
  "explore": false,
  "bias_prefactor": 0.9,
  "sigma_0": [
    3.1622776601683795
  ],
  "sum_weights": 118.81151624410816,
  "sum_weights2": 125.16099732506015,
  "counter": 121,
  "zed": 148.26441376903415,
  "kde_norm": 118.81151624410816,
  "welford_n": 1210,
  "welford_mean": [
    0.9078359351086616
  ],
  "welford_m2": [
    0.42570372637713033
  ],
  "n_merges": 119,
  "kernels": [
    {
      "center": [
        0.9259259259259255
      ],
      "sigma": [
        0.010946189597062126
      ],
      "height": 22064.710937754975
    },
    {
      "center": [
        0.8888888888888892
      ],
      "sigma": [
        0.010624446524649576
      ],
      "height": 13169.963264190194
    }
  ],
  "bias_cv": "posebusters_pass_fraction",
  "bias_cv_names": [
    "posebusters_pass_fraction"
  ]
}