{
  "ndim": 1,
  "kbt": 1.0,
  "barrier": 5.0,
  "biasfactor": 10.0,
  "epsilon": 0.006737946999085467,
  "kernel_cutoff": 3.605551275463989,
  "compression_threshold": 0.5,
  "pace": 10,
  "sigma_min": [
    0.01
  ],
  "fixed_sigma": null,
  "explore": false,
  "bias_prefactor": 0.9,
  "sigma_0": [
    3.1622776601683795
  ],
  "sum_weights": 150.80711957746092,
  "sum_weights2": 158.62912478026144,
  "counter": 153,
  "zed": 150.27132842704853,
  "kde_norm": 150.80711957746092,
  "welford_n": 1530,
  "welford_mean": [
    0.9076978939724024
  ],
  "welford_m2": [
    0.5355361897845594
  ],
  "n_merges": 151,
  "kernels": [
    {
      "center": [
        0.925925925925926
      ],
      "sigma": [
        0.010747161192524335
      ],
      "height": 28210.34865421235
    },
    {
      "center": [
        0.8888888888888888
      ],
      "sigma": [
        0.010483058963825523
      ],
      "height": 17142.22371219986
    }
  ],
  "bias_cv": "posebusters_pass_fraction",
  "bias_cv_names": [
    "posebusters_pass_fraction"
  ]
}