{
  "ndim": 1,
  "kbt": 1.0,
  "barrier": 5.0,
  "biasfactor": 10.0,
  "epsilon": 0.006737946999085467,
  "kernel_cutoff": 3.605551275463989,
  "compression_threshold": 0.5,
  "pace": 10,
  "sigma_min": [
    0.01
  ],
  "fixed_sigma": null,
  "explore": false,
  "bias_prefactor": 0.9,
  "sigma_0": [
    3.1622776601683795
  ],
  "sum_weights": 159.5965716358955,
  "sum_weights2": 167.6111345718088,
  "counter": 162,
  "zed": 150.6831528067498,
  "kde_norm": 159.5965716358955,
  "welford_n": 1620,
  "welford_mean": [
    0.9073159579332406
  ],
  "welford_m2": [
    0.566515944385174
  ],
  "n_merges": 160,
  "kernels": [
    {
      "center": [
        0.925925925925926
      ],
      "sigma": [
        0.010709931653958574
      ],
      "height": 29743.10026528298
    },
    {
      "center": [
        0.8888888888888888
      ],
      "sigma": [
        0.010451014541818168
      ],
      "height": 18388.940890080095
    }
  ],
  "bias_cv": "posebusters_pass_fraction",
  "bias_cv_names": [
    "posebusters_pass_fraction"
  ]
}