{
  "ndim": 1,
  "kbt": 1.0,
  "barrier": 5.0,
  "biasfactor": 10.0,
  "epsilon": 0.006737946999085467,
  "kernel_cutoff": 3.605551275463989,
  "compression_threshold": 0.5,
  "pace": 10,
  "sigma_min": [
    0.01
  ],
  "fixed_sigma": null,
  "explore": false,
  "bias_prefactor": 0.9,
  "sigma_0": [
    3.1622776601683795
  ],
  "sum_weights": 102.39093445776744,
  "sum_weights2": 107.40210408458833,
  "counter": 105,
  "zed": 146.75592246614653,
  "kde_norm": 102.39093445776744,
  "welford_n": 1050,
  "welford_mean": [
    0.9075132275132269
  ],
  "welford_m2": [
    0.37104448363707876
  ],
  "n_merges": 103,
  "kernels": [
    {
      "center": [
        0.9259259259259254
      ],
      "sigma": [
        0.011116528275338992
      ],
      "height": 18547.663041039636
    },
    {
      "center": [
        0.8888888888888892
      ],
      "sigma": [
        0.010712436021445875
      ],
      "height": 11494.367265914223
    }
  ],
  "bias_cv": "posebusters_pass_fraction",
  "bias_cv_names": [
    "posebusters_pass_fraction"
  ]
}