{
  "ndim": 1,
  "kbt": 1.0,
  "barrier": 5.0,
  "biasfactor": 10.0,
  "epsilon": 0.006737946999085467,
  "kernel_cutoff": 3.605551275463989,
  "compression_threshold": 0.5,
  "pace": 10,
  "sigma_min": [
    0.01
  ],
  "fixed_sigma": null,
  "explore": false,
  "bias_prefactor": 0.9,
  "sigma_0": [
    3.1622776601683795
  ],
  "sum_weights": 158.3866383878504,
  "sum_weights2": 166.1471961070839,
  "counter": 161,
  "zed": 150.62931463326007,
  "kde_norm": 158.3866383878504,
  "welford_n": 1610,
  "welford_mean": [
    0.9073153899240843
  ],
  "welford_m2": [
    0.5630865049544623
  ],
  "n_merges": 159,
  "kernels": [
    {
      "center": [
        0.925925925925926
      ],
      "sigma": [
        0.010718872846306075
      ],
      "height": 29360.48577722419
    },
    {
      "center": [
        0.8888888888888888
      ],
      "sigma": [
        0.010451014541818168
      ],
      "height": 18388.940890080095
    }
  ],
  "bias_cv": "posebusters_pass_fraction",
  "bias_cv_names": [
    "posebusters_pass_fraction"
  ]
}