{
  "ndim": 1,
  "kbt": 1.0,
  "barrier": 5.0,
  "biasfactor": 10.0,
  "epsilon": 0.006737946999085467,
  "kernel_cutoff": 3.605551275463989,
  "compression_threshold": 0.5,
  "pace": 10,
  "sigma_min": [
    0.01
  ],
  "fixed_sigma": null,
  "explore": false,
  "bias_prefactor": 0.9,
  "sigma_0": [
    3.1622776601683795
  ],
  "sum_weights": 64.93539074625564,
  "sum_weights2": 68.48264817543235,
  "counter": 67,
  "zed": 140.52999615176714,
  "kde_norm": 64.93539074625564,
  "welford_n": 670,
  "welford_mean": [
    0.9073521282476505
  ],
  "welford_m2": [
    0.24073869336445491
  ],
  "n_merges": 65,
  "kernels": [
    {
      "center": [
        0.9259259259259255
      ],
      "sigma": [
        0.011739581101926149
      ],
      "height": 11563.401064352178
    },
    {
      "center": [
        0.8888888888888887
      ],
      "sigma": [
        0.011205661119231632
      ],
      "height": 6634.146329764275
    }
  ],
  "bias_cv": "posebusters_pass_fraction",
  "bias_cv_names": [
    "posebusters_pass_fraction"
  ]
}