{
  "ndim": 1,
  "kbt": 1.0,
  "barrier": 5.0,
  "biasfactor": 10.0,
  "epsilon": 0.006737946999085467,
  "kernel_cutoff": 3.605551275463989,
  "compression_threshold": 0.5,
  "pace": 10,
  "sigma_min": [
    0.01
  ],
  "fixed_sigma": null,
  "explore": false,
  "bias_prefactor": 0.9,
  "sigma_0": [
    3.1622776601683795
  ],
  "sum_weights": 74.44723627337595,
  "sum_weights2": 78.03398034612914,
  "counter": 77,
  "zed": 142.69258141468165,
  "kde_norm": 74.44723627337595,
  "welford_n": 770,
  "welford_mean": [
    0.9075998075998076
  ],
  "welford_m2": [
    0.2750057898206063
  ],
  "n_merges": 75,
  "kernels": [
    {
      "center": [
        0.9259259259259257
      ],
      "sigma": [
        0.011547605226480772
      ],
      "height": 13113.609392952148
    },
    {
      "center": [
        0.8888888888888891
      ],
      "sigma": [
        0.0109982324464566
      ],
      "height": 8091.847662902816
    }
  ],
  "bias_cv": "posebusters_pass_fraction",
  "bias_cv_names": [
    "posebusters_pass_fraction"
  ]
}