{
  "ndim": 1,
  "kbt": 1.0,
  "barrier": 5.0,
  "biasfactor": 10.0,
  "epsilon": 0.006737946999085467,
  "kernel_cutoff": 3.605551275463989,
  "compression_threshold": 0.5,
  "pace": 10,
  "sigma_min": [
    0.01
  ],
  "fixed_sigma": null,
  "explore": false,
  "bias_prefactor": 0.9,
  "sigma_0": [
    3.1622776601683795
  ],
  "sum_weights": 123.16627553859597,
  "sum_weights2": 129.1012422265623,
  "counter": 126,
  "zed": 148.59909018175918,
  "kde_norm": 123.16627553859597,
  "welford_n": 1260,
  "welford_mean": [
    0.9075543797766014
  ],
  "welford_m2": [
    0.44304548522655807
  ],
  "n_merges": 124,
  "kernels": [
    {
      "center": [
        0.9259259259259256
      ],
      "sigma": [
        0.01093069362693184
      ],
      "height": 22448.694029093054
    },
    {
      "center": [
        0.888888888888889
      ],
      "sigma": [
        0.010581861839623731
      ],
      "height": 14163.075976089054
    }
  ],
  "bias_cv": "posebusters_pass_fraction",
  "bias_cv_names": [
    "posebusters_pass_fraction"
  ]
}