{
  "ndim": 1,
  "kbt": 1.0,
  "barrier": 5.0,
  "biasfactor": 10.0,
  "epsilon": 0.006737946999085467,
  "kernel_cutoff": 3.605551275463989,
  "compression_threshold": 0.5,
  "pace": 10,
  "sigma_min": [
    0.01
  ],
  "fixed_sigma": null,
  "explore": false,
  "bias_prefactor": 0.9,
  "sigma_0": [
    3.1622776601683795
  ],
  "sum_weights": 24.164332528099003,
  "sum_weights2": 26.27532441350363,
  "counter": 25,
  "zed": 117.17277294052384,
  "kde_norm": 24.164332528099003,
  "welford_n": 250,
  "welford_mean": [
    0.9084444444444445
  ],
  "welford_m2": [
    0.09643895747599487
  ],
  "n_merges": 23,
  "kernels": [
    {
      "center": [
        0.9259259259259258
      ],
      "sigma": [
        0.01429681227438163
      ],
      "height": 3961.018790463346
    },
    {
      "center": [
        0.888888888888889
      ],
      "sigma": [
        0.014184817789348924
      ],
      "height": 1529.4943102257425
    }
  ],
  "bias_cv": "posebusters_pass_fraction",
  "bias_cv_names": [
    "posebusters_pass_fraction"
  ]
}