{
  "ndim": 1,
  "kbt": 1.0,
  "barrier": 5.0,
  "biasfactor": 10.0,
  "epsilon": 0.006737946999085467,
  "kernel_cutoff": 3.605551275463989,
  "compression_threshold": 0.5,
  "pace": 10,
  "sigma_min": [
    0.01
  ],
  "fixed_sigma": null,
  "explore": false,
  "bias_prefactor": 0.9,
  "sigma_0": [
    3.1622776601683795
  ],
  "sum_weights": 138.80473359875532,
  "sum_weights2": 146.07375033508924,
  "counter": 141,
  "zed": 149.62578934056344,
  "kde_norm": 138.80473359875532,
  "welford_n": 1410,
  "welford_mean": [
    0.907722616233254
  ],
  "welford_m2": [
    0.49437293873858457
  ],
  "n_merges": 139,
  "kernels": [
    {
      "center": [
        0.9259259259259257
      ],
      "sigma": [
        0.010811114048811072
      ],
      "height": 25906.22830712228
    },
    {
      "center": [
        0.8888888888888888
      ],
      "sigma": [
        0.010527932979184033
      ],
      "height": 15650.856354372045
    }
  ],
  "bias_cv": "posebusters_pass_fraction",
  "bias_cv_names": [
    "posebusters_pass_fraction"
  ]
}