{
  "ndim": 1,
  "kbt": 1.0,
  "barrier": 5.0,
  "biasfactor": 10.0,
  "epsilon": 0.006737946999085467,
  "kernel_cutoff": 3.605551275463989,
  "compression_threshold": 0.5,
  "pace": 10,
  "sigma_min": [
    0.01
  ],
  "fixed_sigma": null,
  "explore": false,
  "bias_prefactor": 0.9,
  "sigma_0": [
    3.1622776601683795
  ],
  "sum_weights": 160.38836432334497,
  "sum_weights2": 168.2380702317073,
  "counter": 163,
  "zed": 150.71817827134416,
  "kde_norm": 160.38836432334497,
  "welford_n": 1630,
  "welford_mean": [
    0.9073392410815712
  ],
  "welford_m2": [
    0.5699512737004241
  ],
  "n_merges": 161,
  "kernels": [
    {
      "center": [
        0.925925925925926
      ],
      "sigma": [
        0.010709931653958574
      ],
      "height": 29743.10026528298
    },
    {
      "center": [
        0.8888888888888888
      ],
      "sigma": [
        0.010445084996177719
      ],
      "height": 18639.327722780716
    }
  ],
  "bias_cv": "posebusters_pass_fraction",
  "bias_cv_names": [
    "posebusters_pass_fraction"
  ]
}