{
  "ndim": 1,
  "kbt": 1.0,
  "barrier": 5.0,
  "biasfactor": 10.0,
  "epsilon": 0.006737946999085467,
  "kernel_cutoff": 3.605551275463989,
  "compression_threshold": 0.5,
  "pace": 10,
  "sigma_min": [
    0.01
  ],
  "fixed_sigma": null,
  "explore": false,
  "bias_prefactor": 0.9,
  "sigma_0": [
    3.1622776601683795
  ],
  "sum_weights": 62.49112201279322,
  "sum_weights2": 65.49531723818767,
  "counter": 65,
  "zed": 139.87812075766024,
  "kde_norm": 62.49112201279322,
  "welford_n": 650,
  "welford_mean": [
    0.9071225071225069
  ],
  "welford_m2": [
    0.2338292708663093
  ],
  "n_merges": 63,
  "kernels": [
    {
      "center": [
        0.9259259259259255
      ],
      "sigma": [
        0.01185439748166467
      ],
      "height": 10790.45542322455
    },
    {
      "center": [
        0.8888888888888887
      ],
      "sigma": [
        0.011205661119231632
      ],
      "height": 6634.146329764275
    }
  ],
  "bias_cv": "posebusters_pass_fraction",
  "bias_cv_names": [
    "posebusters_pass_fraction"
  ]
}