{
  "ndim": 1,
  "kbt": 1.0,
  "barrier": 5.0,
  "biasfactor": 10.0,
  "epsilon": 0.006737946999085467,
  "kernel_cutoff": 3.605551275463989,
  "compression_threshold": 0.5,
  "pace": 10,
  "sigma_min": [
    0.01
  ],
  "fixed_sigma": null,
  "explore": false,
  "bias_prefactor": 0.9,
  "sigma_0": [
    3.1622776601683795
  ],
  "sum_weights": 53.33225140840406,
  "sum_weights2": 55.73588046343685,
  "counter": 56,
  "zed": 136.90817107076154,
  "kde_norm": 53.33225140840406,
  "welford_n": 560,
  "welford_mean": [
    0.9060185185185183
  ],
  "welford_m2": [
    0.20193758573388343
  ],
  "n_merges": 54,
  "kernels": [
    {
      "center": [
        0.9259259259259256
      ],
      "sigma": [
        0.012219034722642727
      ],
      "height": 8869.357404294238
    },
    {
      "center": [
        0.888888888888889
      ],
      "sigma": [
        0.01140055700318105
      ],
      "height": 5658.95515823132
    }
  ],
  "bias_cv": "posebusters_pass_fraction",
  "bias_cv_names": [
    "posebusters_pass_fraction"
  ]
}