{
  "ndim": 1,
  "kbt": 1.0,
  "barrier": 5.0,
  "biasfactor": 10.0,
  "epsilon": 0.006737946999085467,
  "kernel_cutoff": 3.605551275463989,
  "compression_threshold": 0.5,
  "pace": 10,
  "sigma_min": [
    0.01
  ],
  "fixed_sigma": null,
  "explore": false,
  "bias_prefactor": 0.9,
  "sigma_0": [
    3.1622776601683795
  ],
  "sum_weights": 55.74610743877646,
  "sum_weights2": 58.64938641320625,
  "counter": 58,
  "zed": 137.773578310785,
  "kde_norm": 55.74610743877646,
  "welford_n": 580,
  "welford_mean": [
    0.9067049808429118
  ],
  "welford_m2": [
    0.20959036942434273
  ],
  "n_merges": 56,
  "kernels": [
    {
      "center": [
        0.9259259259259255
      ],
      "sigma": [
        0.01205809773380179
      ],
      "height": 9632.685704265174
    },
    {
      "center": [
        0.888888888888889
      ],
      "sigma": [
        0.01140055700318105
      ],
      "height": 5658.95515823132
    }
  ],
  "bias_cv": "posebusters_pass_fraction",
  "bias_cv_names": [
    "posebusters_pass_fraction"
  ]
}