{
  "ndim": 1,
  "kbt": 1.0,
  "barrier": 5.0,
  "biasfactor": 10.0,
  "epsilon": 0.006737946999085467,
  "kernel_cutoff": 3.605551275463989,
  "compression_threshold": 0.5,
  "pace": 10,
  "sigma_min": [
    0.01
  ],
  "fixed_sigma": null,
  "explore": false,
  "bias_prefactor": 0.9,
  "sigma_0": [
    3.1622776601683795
  ],
  "sum_weights": 69.68182862023123,
  "sum_weights2": 73.26226396846236,
  "counter": 72,
  "zed": 141.68095203045243,
  "kde_norm": 69.68182862023123,
  "welford_n": 720,
  "welford_mean": [
    0.9074588477366256
  ],
  "welford_m2": [
    0.25788561194939946
  ],
  "n_merges": 70,
  "kernels": [
    {
      "center": [
        0.9259259259259256
      ],
      "sigma": [
        0.011637156410747015
      ],
      "height": 12344.999704179396
    },
    {
      "center": [
        0.8888888888888888
      ],
      "sigma": [
        0.011093500963633127
      ],
      "height": 7353.503135362071
    }
  ],
  "bias_cv": "posebusters_pass_fraction",
  "bias_cv_names": [
    "posebusters_pass_fraction"
  ]
}