{
  "ndim": 1,
  "kbt": 1.0,
  "barrier": 5.0,
  "biasfactor": 10.0,
  "epsilon": 0.006737946999085467,
  "kernel_cutoff": 3.605551275463989,
  "compression_threshold": 0.5,
  "pace": 10,
  "sigma_min": [
    0.01
  ],
  "fixed_sigma": null,
  "explore": false,
  "bias_prefactor": 0.9,
  "sigma_0": [
    3.1622776601683795
  ],
  "sum_weights": 72.45314868940463,
  "sum_weights2": 75.96178781873871,
  "counter": 75,
  "zed": 142.28580494015887,
  "kde_norm": 72.45314868940463,
  "welford_n": 750,
  "welford_mean": [
    0.9076543209876543
  ],
  "welford_m2": [
    0.26812985825331664
  ],
  "n_merges": 73,
  "kernels": [
    {
      "center": [
        0.9259259259259256
      ],
      "sigma": [
        0.011590626091626652
      ],
      "height": 12733.509100867945
    },
    {
      "center": [
        0.888888888888889
      ],
      "sigma": [
        0.011028631003174227
      ],
      "height": 7841.362093065857
    }
  ],
  "bias_cv": "posebusters_pass_fraction",
  "bias_cv_names": [
    "posebusters_pass_fraction"
  ]
}