{
  "ndim": 1,
  "kbt": 1.0,
  "barrier": 5.0,
  "biasfactor": 10.0,
  "epsilon": 0.006737946999085467,
  "kernel_cutoff": 3.605551275463989,
  "compression_threshold": 0.5,
  "pace": 10,
  "sigma_min": [
    0.01
  ],
  "fixed_sigma": null,
  "explore": false,
  "bias_prefactor": 0.9,
  "sigma_0": [
    3.1622776601683795
  ],
  "sum_weights": 28.892087704593557,
  "sum_weights2": 32.27955689608479,
  "counter": 29,
  "zed": 121.4044023573001,
  "kde_norm": 28.892087704593557,
  "welford_n": 290,
  "welford_mean": [
    0.9077905491698597
  ],
  "welford_m2": [
    0.11038266874793105
  ],
  "n_merges": 27,
  "kernels": [
    {
      "center": [
        0.9259259259259257
      ],
      "sigma": [
        0.013581718989696352
      ],
      "height": 5154.114908167721
    },
    {
      "center": [
        0.888888888888889
      ],
      "sigma": [
        0.013893321337203196
      ],
      "height": 1707.7482761036265
    }
  ],
  "bias_cv": "posebusters_pass_fraction",
  "bias_cv_names": [
    "posebusters_pass_fraction"
  ]
}