{
  "ndim": 1,
  "kbt": 1.0,
  "barrier": 5.0,
  "biasfactor": 10.0,
  "epsilon": 0.006737946999085467,
  "kernel_cutoff": 3.605551275463989,
  "compression_threshold": 0.5,
  "pace": 10,
  "sigma_min": [
    0.01
  ],
  "fixed_sigma": null,
  "explore": false,
  "bias_prefactor": 0.9,
  "sigma_0": [
    3.1622776601683795
  ],
  "sum_weights": 94.84183173990888,
  "sum_weights2": 99.87711710022087,
  "counter": 97,
  "zed": 145.88831195252624,
  "kde_norm": 94.84183173990888,
  "welford_n": 970,
  "welford_mean": [
    0.9074455899198164
  ],
  "welford_m2": [
    0.3436199850098308
  ],
  "n_merges": 95,
  "kernels": [
    {
      "center": [
        0.9259259259259253
      ],
      "sigma": [
        0.011187653805805685
      ],
      "height": 17378.356754215438
    },
    {
      "center": [
        0.8888888888888892
      ],
      "sigma": [
        0.010793755229346851
      ],
      "height": 10276.43766483837
    }
  ],
  "bias_cv": "posebusters_pass_fraction",
  "bias_cv_names": [
    "posebusters_pass_fraction"
  ]
}