{
  "ndim": 1,
  "kbt": 1.0,
  "barrier": 5.0,
  "biasfactor": 10.0,
  "epsilon": 0.006737946999085467,
  "kernel_cutoff": 3.605551275463989,
  "compression_threshold": 0.5,
  "pace": 10,
  "sigma_min": [
    0.01
  ],
  "fixed_sigma": null,
  "explore": false,
  "bias_prefactor": 0.9,
  "sigma_0": [
    3.1622776601683795
  ],
  "sum_weights": 65.69752895193855,
  "sum_weights2": 69.06350281999393,
  "counter": 68,
  "zed": 140.72770001767282,
  "kde_norm": 65.69752895193855,
  "welford_n": 680,
  "welford_mean": [
    0.9074618736383442
  ],
  "welford_m2": [
    0.24416807875413687
  ],
  "n_merges": 66,
  "kernels": [
    {
      "center": [
        0.9259259259259255
      ],
      "sigma": [
        0.011739581101926149
      ],
      "height": 11563.401064352178
    },
    {
      "center": [
        0.8888888888888887
      ],
      "sigma": [
        0.01116559863885933
      ],
      "height": 6875.155591943466
    }
  ],
  "bias_cv": "posebusters_pass_fraction",
  "bias_cv_names": [
    "posebusters_pass_fraction"
  ]
}