{
  "ndim": 1,
  "kbt": 1.0,
  "barrier": 5.0,
  "biasfactor": 10.0,
  "epsilon": 0.006737946999085467,
  "kernel_cutoff": 3.605551275463989,
  "compression_threshold": 0.5,
  "pace": 10,
  "sigma_min": [
    0.01
  ],
  "fixed_sigma": null,
  "explore": false,
  "bias_prefactor": 0.9,
  "sigma_0": [
    3.1622776601683795
  ],
  "sum_weights": 76.44173636396675,
  "sum_weights2": 80.10655148657273,
  "counter": 79,
  "zed": 143.07875003878416,
  "kde_norm": 76.44173636396675,
  "welford_n": 790,
  "welford_mean": [
    0.9075011720581342
  ],
  "welford_m2": [
    0.28188605858554466
  ],
  "n_merges": 77,
  "kernels": [
    {
      "center": [
        0.9259259259259256
      ],
      "sigma": [
        0.01150687163374405
      ],
      "height": 13493.603386359839
    },
    {
      "center": [
        0.888888888888889
      ],
      "sigma": [
        0.010969556272372501
      ],
      "height": 8342.56997746304
    }
  ],
  "bias_cv": "posebusters_pass_fraction",
  "bias_cv_names": [
    "posebusters_pass_fraction"
  ]
}