{
  "ndim": 1,
  "kbt": 1.0,
  "barrier": 5.0,
  "biasfactor": 10.0,
  "epsilon": 0.006737946999085467,
  "kernel_cutoff": 3.605551275463989,
  "compression_threshold": 0.5,
  "pace": 10,
  "sigma_min": [
    0.01
  ],
  "fixed_sigma": null,
  "explore": false,
  "bias_prefactor": 0.9,
  "sigma_0": [
    3.1622776601683795
  ],
  "sum_weights": 139.58665094334853,
  "sum_weights2": 146.68514506886493,
  "counter": 142,
  "zed": 149.67139549874514,
  "kde_norm": 139.58665094334853,
  "welford_n": 1420,
  "welford_mean": [
    0.907798643714136
  ],
  "welford_m2": [
    0.4977250333275409
  ],
  "n_merges": 140,
  "kernels": [
    {
      "center": [
        0.9259259259259257
      ],
      "sigma": [
        0.010811114048811072
      ],
      "height": 25906.22830712228
    },
    {
      "center": [
        0.8888888888888888
      ],
      "sigma": [
        0.010519924847993214
      ],
      "height": 15898.12032946257
    }
  ],
  "bias_cv": "posebusters_pass_fraction",
  "bias_cv_names": [
    "posebusters_pass_fraction"
  ]
}