{
  "ndim": 1,
  "kbt": 1.0,
  "barrier": 5.0,
  "biasfactor": 10.0,
  "epsilon": 0.006737946999085467,
  "kernel_cutoff": 3.605551275463989,
  "compression_threshold": 0.5,
  "pace": 10,
  "sigma_min": [
    0.01
  ],
  "fixed_sigma": null,
  "explore": false,
  "bias_prefactor": 0.9,
  "sigma_0": [
    3.1622776601683795
  ],
  "sum_weights": 17.732573923927152,
  "sum_weights2": 18.972601431178546,
  "counter": 18,
  "zed": 110.78889914863556,
  "kde_norm": 17.732573923927152,
  "welford_n": 180,
  "welford_mean": [
    0.9088477366255144
  ],
  "welford_m2": [
    0.07232891327541555
  ],
  "n_merges": 16,
  "kernels": [
    {
      "center": [
        0.925925925925926
      ],
      "sigma": [
        0.015236071559963075
      ],
      "height": 2801.23134031222
    },
    {
      "center": [
        0.888888888888889
      ],
      "sigma": [
        0.015727299035557304
      ],
      "height": 934.7956250889297
    }
  ],
  "bias_cv": "posebusters_pass_fraction",
  "bias_cv_names": [
    "posebusters_pass_fraction"
  ]
}