{
  "ndim": 1,
  "kbt": 1.0,
  "barrier": 5.0,
  "biasfactor": 10.0,
  "epsilon": 0.006737946999085467,
  "kernel_cutoff": 3.605551275463989,
  "compression_threshold": 0.5,
  "pace": 10,
  "sigma_min": [
    0.01
  ],
  "fixed_sigma": null,
  "explore": false,
  "bias_prefactor": 0.9,
  "sigma_0": [
    3.1622776601683795
  ],
  "sum_weights": 29.453313851604378,
  "sum_weights2": 32.594531684173404,
  "counter": 30,
  "zed": 121.86913955397405,
  "kde_norm": 29.453313851604378,
  "welford_n": 300,
  "welford_mean": [
    0.9071604938271606
  ],
  "welford_m2": [
    0.11383630544124428
  ],
  "n_merges": 28,
  "kernels": [
    {
      "center": [
        0.9259259259259257
      ],
      "sigma": [
        0.013581718989696352
      ],
      "height": 5154.114908167721
    },
    {
      "center": [
        0.888888888888889
      ],
      "sigma": [
        0.013639465842746492
      ],
      "height": 1873.8435871217011
    }
  ],
  "bias_cv": "posebusters_pass_fraction",
  "bias_cv_names": [
    "posebusters_pass_fraction"
  ]
}