{
  "ndim": 1,
  "kbt": 1.0,
  "barrier": 5.0,
  "biasfactor": 10.0,
  "epsilon": 0.006737946999085467,
  "kernel_cutoff": 3.605551275463989,
  "compression_threshold": 0.5,
  "pace": 10,
  "sigma_min": [
    0.01
  ],
  "fixed_sigma": null,
  "explore": false,
  "bias_prefactor": 0.9,
  "sigma_0": [
    3.1622776601683795
  ],
  "sum_weights": 128.3727781817133,
  "sum_weights2": 134.7329046748493,
  "counter": 131,
  "zed": 148.96831315396585,
  "kde_norm": 128.3727781817133,
  "welford_n": 1310,
  "welford_mean": [
    0.9076335877862588
  ],
  "welford_m2": [
    0.46015246232945173
  ],
  "n_merges": 129,
  "kernels": [
    {
      "center": [
        0.9259259259259258
      ],
      "sigma": [
        0.010887305029154906
      ],
      "height": 23595.331827857004
    },
    {
      "center": [
        0.888888888888889
      ],
      "sigma": [
        0.010562556016325792
      ],
      "height": 14662.878876918865
    }
  ],
  "bias_cv": "posebusters_pass_fraction",
  "bias_cv_names": [
    "posebusters_pass_fraction"
  ]
}