{
  "ndim": 1,
  "kbt": 1.0,
  "barrier": 5.0,
  "biasfactor": 10.0,
  "epsilon": 0.006737946999085467,
  "kernel_cutoff": 3.605551275463989,
  "compression_threshold": 0.5,
  "pace": 10,
  "sigma_min": [
    0.01
  ],
  "fixed_sigma": null,
  "explore": false,
  "bias_prefactor": 0.9,
  "sigma_0": [
    3.1622776601683795
  ],
  "sum_weights": 98.83519215882949,
  "sum_weights2": 104.09243034214249,
  "counter": 101,
  "zed": 146.3628501231267,
  "kde_norm": 98.83519215882949,
  "welford_n": 1010,
  "welford_mean": [
    0.9075540887422072
  ],
  "welford_m2": [
    0.35731708973366716
  ],
  "n_merges": 99,
  "kernels": [
    {
      "center": [
        0.9259259259259253
      ],
      "sigma": [
        0.01113908807166065
      ],
      "height": 18160.921836365804
    },
    {
      "center": [
        0.8888888888888892
      ],
      "sigma": [
        0.010759565867078333
      ],
      "height": 10756.68402686333
    }
  ],
  "bias_cv": "posebusters_pass_fraction",
  "bias_cv_names": [
    "posebusters_pass_fraction"
  ]
}