{
  "ndim": 1,
  "kbt": 1.0,
  "barrier": 5.0,
  "biasfactor": 10.0,
  "epsilon": 0.006737946999085467,
  "kernel_cutoff": 3.605551275463989,
  "compression_threshold": 0.5,
  "pace": 10,
  "sigma_min": [
    0.01
  ],
  "fixed_sigma": null,
  "explore": false,
  "bias_prefactor": 0.9,
  "sigma_0": [
    3.1622776601683795
  ],
  "sum_weights": 103.60454991864401,
  "sum_weights2": 108.87496657146698,
  "counter": 106,
  "zed": 146.88302776327362,
  "kde_norm": 103.60454991864401,
  "welford_n": 1060,
  "welford_mean": [
    0.9074423480083852
  ],
  "welford_m2": [
    0.37448430261148885
  ],
  "n_merges": 104,
  "kernels": [
    {
      "center": [
        0.9259259259259254
      ],
      "sigma": [
        0.011095009823770798
      ],
      "height": 18931.441947036128
    },
    {
      "center": [
        0.8888888888888892
      ],
      "sigma": [
        0.010712436021445875
      ],
      "height": 11494.367265914223
    }
  ],
  "bias_cv": "posebusters_pass_fraction",
  "bias_cv_names": [
    "posebusters_pass_fraction"
  ]
}