{
  "ndim": 1,
  "kbt": 1.0,
  "barrier": 5.0,
  "biasfactor": 10.0,
  "epsilon": 0.006737946999085467,
  "kernel_cutoff": 3.605551275463989,
  "compression_threshold": 0.5,
  "pace": 10,
  "sigma_min": [
    0.01
  ],
  "fixed_sigma": null,
  "explore": false,
  "bias_prefactor": 0.9,
  "sigma_0": [
    3.1622776601683795
  ],
  "sum_weights": 176.08190547452745,
  "sum_weights2": 190.54060693820003,
  "counter": 176,
  "zed": 100.90740728166942,
  "kde_norm": 176.08190547452745,
  "welford_n": 1760,
  "welford_mean": [
    0.9071127946127929
  ],
  "welford_m2": [
    0.6418225464521786
  ],
  "n_merges": 173,
  "kernels": [
    {
      "center": [
        0.925925925925926
      ],
      "sigma": [
        0.01064441153412239
      ],
      "height": 32871.20527103865
    },
    {
      "center": [
        0.8888888888888888
      ],
      "sigma": [
        0.010406048993227064
      ],
      "height": 20470.32586008183
    },
    {
      "center": [
        0.8518518518518519
      ],
      "sigma": [
        0.01
      ],
      "height": 3.630316074984131
    }
  ],
  "bias_cv": "posebusters_pass_fraction",
  "bias_cv_names": [
    "posebusters_pass_fraction"
  ]
}