{
  "ndim": 1,
  "kbt": 1.0,
  "barrier": 5.0,
  "biasfactor": 10.0,
  "epsilon": 0.006737946999085467,
  "kernel_cutoff": 3.605551275463989,
  "compression_threshold": 0.5,
  "pace": 10,
  "sigma_min": [
    0.01
  ],
  "fixed_sigma": null,
  "explore": false,
  "bias_prefactor": 0.9,
  "sigma_0": [
    3.1622776601683795
  ],
  "sum_weights": 1.3817200025857541,
  "sum_weights2": 1.145710160374068,
  "counter": 2,
  "zed": 85.59241901267936,
  "kde_norm": 1.3817200025857541,
  "welford_n": 20,
  "welford_mean": [
    0.9259259259259258
  ],
  "welford_m2": [
    0.010973936899862813
  ],
  "n_merges": 0,
  "kernels": [
    {
      "center": [
        0.9259259259259259
      ],
      "sigma": [
        0.025119784627727265
      ],
      "height": 125.88792885898597
    },
    {
      "center": [
        0.8888888888888888
      ],
      "sigma": [
        0.02159971295365324
      ],
      "height": 55.88521658627802
    }
  ],
  "bias_cv": "posebusters_pass_fraction",
  "bias_cv_names": [
    "posebusters_pass_fraction"
  ]
}