{
  "ndim": 1,
  "kbt": 1.0,
  "barrier": 5.0,
  "biasfactor": 10.0,
  "epsilon": 0.006737946999085467,
  "kernel_cutoff": 3.605551275463989,
  "compression_threshold": 0.5,
  "pace": 10,
  "sigma_min": [
    0.01
  ],
  "fixed_sigma": null,
  "explore": false,
  "bias_prefactor": 0.9,
  "sigma_0": [
    3.1622776601683795
  ],
  "sum_weights": 162.79905117652004,
  "sum_weights2": 170.1752760891866,
  "counter": 166,
  "zed": 150.82274043306595,
  "kde_norm": 162.79905117652004,
  "welford_n": 1660,
  "welford_mean": [
    0.9070727353859874
  ],
  "welford_m2": [
    0.5800609846794604
  ],
  "n_merges": 164,
  "kernels": [
    {
      "center": [
        0.925925925925926
      ],
      "sigma": [
        0.010709931653958574
      ],
      "height": 29743.10026528298
    },
    {
      "center": [
        0.888888888888889
      ],
      "sigma": [
        0.010427955357204746
      ],
      "height": 19401.653840926432
    }
  ],
  "bias_cv": "posebusters_pass_fraction",
  "bias_cv_names": [
    "posebusters_pass_fraction"
  ]
}