{
  "ndim": 1,
  "kbt": 1.0,
  "barrier": 5.0,
  "biasfactor": 10.0,
  "epsilon": 0.006737946999085467,
  "kernel_cutoff": 3.605551275463989,
  "compression_threshold": 0.5,
  "pace": 10,
  "sigma_min": [
    0.01
  ],
  "fixed_sigma": null,
  "explore": false,
  "bias_prefactor": 0.9,
  "sigma_0": [
    3.1622776601683795
  ],
  "sum_weights": 121.58766763530485,
  "sum_weights2": 127.85521009500538,
  "counter": 124,
  "zed": 148.4802046703375,
  "kde_norm": 121.58766763530485,
  "welford_n": 1240,
  "welford_mean": [
    0.9077956989247307
  ],
  "welford_m2": [
    0.4360270365945428
  ],
  "n_merges": 122,
  "kernels": [
    {
      "center": [
        0.9259259259259256
      ],
      "sigma": [
        0.01093069362693184
      ],
      "height": 22448.694029093054
    },
    {
      "center": [
        0.8888888888888891
      ],
      "sigma": [
        0.010602515127031717
      ],
      "height": 13663.876325414782
    }
  ],
  "bias_cv": "posebusters_pass_fraction",
  "bias_cv_names": [
    "posebusters_pass_fraction"
  ]
}