{
  "ndim": 1,
  "kbt": 1.0,
  "barrier": 5.0,
  "biasfactor": 10.0,
  "epsilon": 0.006737946999085467,
  "kernel_cutoff": 3.605551275463989,
  "compression_threshold": 0.5,
  "pace": 10,
  "sigma_min": [
    0.01
  ],
  "fixed_sigma": null,
  "explore": false,
  "bias_prefactor": 0.9,
  "sigma_0": [
    3.1622776601683795
  ],
  "sum_weights": 48.56866390700778,
  "sum_weights2": 50.993196790609396,
  "counter": 51,
  "zed": 134.9318816813909,
  "kde_norm": 48.56866390700778,
  "welford_n": 510,
  "welford_mean": [
    0.9063907044299199
  ],
  "welford_m2": [
    0.18534387691976797
  ],
  "n_merges": 49,
  "kernels": [
    {
      "center": [
        0.9259259259259256
      ],
      "sigma": [
        0.012406279795580965
      ],
      "height": 8110.834915653449
    },
    {
      "center": [
        0.888888888888889
      ],
      "sigma": [
        0.011599004528026577
      ],
      "height": 4911.099013079835
    }
  ],
  "bias_cv": "posebusters_pass_fraction",
  "bias_cv_names": [
    "posebusters_pass_fraction"
  ]
}