{
  "ndim": 1,
  "kbt": 1.0,
  "barrier": 5.0,
  "biasfactor": 10.0,
  "epsilon": 0.006737946999085467,
  "kernel_cutoff": 3.605551275463989,
  "compression_threshold": 0.5,
  "pace": 10,
  "sigma_min": [
    0.01
  ],
  "fixed_sigma": null,
  "explore": false,
  "bias_prefactor": 0.9,
  "sigma_0": [
    3.1622776601683795
  ],
  "sum_weights": 6.948662023681839,
  "sum_weights2": 6.769200468889201,
  "counter": 8,
  "zed": 95.62327702801558,
  "kde_norm": 6.948662023681839,
  "welford_n": 80,
  "welford_mean": [
    0.9069444444444444
  ],
  "welford_m2": [
    0.03839163237311392
  ],
  "n_merges": 6,
  "kernels": [
    {
      "center": [
        0.9259259259259259
      ],
      "sigma": [
        0.020144230205807277
      ],
      "height": 728.408173792981
    },
    {
      "center": [
        0.8888888888888888
      ],
      "sigma": [
        0.017873523792231644
      ],
      "height": 420.4514165409638
    }
  ],
  "bias_cv": "posebusters_pass_fraction",
  "bias_cv_names": [
    "posebusters_pass_fraction"
  ]
}