{
  "ndim": 1,
  "kbt": 1.0,
  "barrier": 5.0,
  "biasfactor": 10.0,
  "epsilon": 0.006737946999085467,
  "kernel_cutoff": 3.605551275463989,
  "compression_threshold": 0.5,
  "pace": 10,
  "sigma_min": [
    0.01
  ],
  "fixed_sigma": null,
  "explore": false,
  "bias_prefactor": 0.9,
  "sigma_0": [
    3.1622776601683795
  ],
  "sum_weights": 73.2452536110946,
  "sum_weights2": 76.58921802570417,
  "counter": 76,
  "zed": 142.45187869150888,
  "kde_norm": 73.2452536110946,
  "welford_n": 760,
  "welford_mean": [
    0.9076023391812865
  ],
  "welford_m2": [
    0.2715760594902912
  ],
  "n_merges": 74,
  "kernels": [
    {
      "center": [
        0.9259259259259256
      ],
      "sigma": [
        0.011590626091626652
      ],
      "height": 12733.509100867945
    },
    {
      "center": [
        0.8888888888888891
      ],
      "sigma": [
        0.0109982324464566
      ],
      "height": 8091.847662902816
    }
  ],
  "bias_cv": "posebusters_pass_fraction",
  "bias_cv_names": [
    "posebusters_pass_fraction"
  ]
}