{
  "ndim": 1,
  "kbt": 1.0,
  "barrier": 5.0,
  "biasfactor": 10.0,
  "epsilon": 0.006737946999085467,
  "kernel_cutoff": 3.605551275463989,
  "compression_threshold": 0.5,
  "pace": 10,
  "sigma_min": [
    0.01
  ],
  "fixed_sigma": null,
  "explore": false,
  "bias_prefactor": 0.9,
  "sigma_0": [
    3.1622776601683795
  ],
  "sum_weights": 47.369998531929475,
  "sum_weights2": 49.55639810919777,
  "counter": 50,
  "zed": 134.38488351197356,
  "kde_norm": 47.369998531929475,
  "welford_n": 500,
  "welford_mean": [
    0.9064444444444442
  ],
  "welford_m2": [
    0.18197805212620172
  ],
  "n_merges": 48,
  "kernels": [
    {
      "center": [
        0.9259259259259256
      ],
      "sigma": [
        0.012512354033120763
      ],
      "height": 7731.7836418907
    },
    {
      "center": [
        0.888888888888889
      ],
      "sigma": [
        0.011599004528026577
      ],
      "height": 4911.099013079835
    }
  ],
  "bias_cv": "posebusters_pass_fraction",
  "bias_cv_names": [
    "posebusters_pass_fraction"
  ]
}