{
  "ndim": 1,
  "kbt": 1.0,
  "barrier": 5.0,
  "biasfactor": 10.0,
  "epsilon": 0.006737946999085467,
  "kernel_cutoff": 3.605551275463989,
  "compression_threshold": 0.5,
  "pace": 10,
  "sigma_min": [
    0.01
  ],
  "fixed_sigma": null,
  "explore": false,
  "bias_prefactor": 0.9,
  "sigma_0": [
    3.1622776601683795
  ],
  "sum_weights": 43.90443735916223,
  "sum_weights2": 45.552011175257185,
  "counter": 47,
  "zed": 132.65775282138384,
  "kde_norm": 43.90443735916223,
  "welford_n": 470,
  "welford_mean": [
    0.9058313632781714
  ],
  "welford_m2": [
    0.1709861950208692
  ],
  "n_merges": 45,
  "kernels": [
    {
      "center": [
        0.9259259259259256
      ],
      "sigma": [
        0.012880203847385417
      ],
      "height": 6635.876974231821
    },
    {
      "center": [
        0.888888888888889
      ],
      "sigma": [
        0.011599004528026577
      ],
      "height": 4911.099013079835
    }
  ],
  "bias_cv": "posebusters_pass_fraction",
  "bias_cv_names": [
    "posebusters_pass_fraction"
  ]
}