{
  "ndim": 1,
  "kbt": 1.0,
  "barrier": 5.0,
  "biasfactor": 10.0,
  "epsilon": 0.006737946999085467,
  "kernel_cutoff": 3.605551275463989,
  "compression_threshold": 0.5,
  "pace": 10,
  "sigma_min": [
    0.01
  ],
  "fixed_sigma": null,
  "explore": false,
  "bias_prefactor": 0.9,
  "sigma_0": [
    3.1622776601683795
  ],
  "sum_weights": 108.05399294934357,
  "sum_weights2": 113.96768026902507,
  "counter": 110,
  "zed": 147.3260828817721,
  "kde_norm": 108.05399294934357,
  "welford_n": 1100,
  "welford_mean": [
    0.9075420875420868
  ],
  "welford_m2": [
    0.38818306522010515
  ],
  "n_merges": 108,
  "kernels": [
    {
      "center": [
        0.9259259259259254
      ],
      "sigma": [
        0.011034797992791223
      ],
      "height": 20090.350710635514
    },
    {
      "center": [
        0.8888888888888892
      ],
      "sigma": [
        0.010697872357492406
      ],
      "height": 11742.495931932152
    }
  ],
  "bias_cv": "posebusters_pass_fraction",
  "bias_cv_names": [
    "posebusters_pass_fraction"
  ]
}