{
  "ndim": 1,
  "kbt": 1.0,
  "barrier": 5.0,
  "biasfactor": 10.0,
  "epsilon": 0.006737946999085467,
  "kernel_cutoff": 3.605551275463989,
  "compression_threshold": 0.5,
  "pace": 10,
  "sigma_min": [
    0.01
  ],
  "fixed_sigma": null,
  "explore": false,
  "bias_prefactor": 0.9,
  "sigma_0": [
    3.1622776601683795
  ],
  "sum_weights": 119.58845728044808,
  "sum_weights2": 125.7646346990091,
  "counter": 122,
  "zed": 148.3260456540442,
  "kde_norm": 119.58845728044808,
  "welford_n": 1220,
  "welford_mean": [
    0.9076806314511225
  ],
  "welford_m2": [
    0.4292642065258974
  ],
  "n_merges": 120,
  "kernels": [
    {
      "center": [
        0.9259259259259255
      ],
      "sigma": [
        0.010946189597062126
      ],
      "height": 22064.710937754975
    },
    {
      "center": [
        0.8888888888888892
      ],
      "sigma": [
        0.010613340861114068
      ],
      "height": 13415.653592438772
    }
  ],
  "bias_cv": "posebusters_pass_fraction",
  "bias_cv_names": [
    "posebusters_pass_fraction"
  ]
}