{
  "ndim": 1,
  "kbt": 1.0,
  "barrier": 5.0,
  "biasfactor": 10.0,
  "epsilon": 0.006737946999085467,
  "kernel_cutoff": 3.605551275463989,
  "compression_threshold": 0.5,
  "pace": 10,
  "sigma_min": [
    0.01
  ],
  "fixed_sigma": null,
  "explore": false,
  "bias_prefactor": 0.9,
  "sigma_0": [
    3.1622776601683795
  ],
  "sum_weights": 130.3729805807099,
  "sum_weights2": 136.82388989054013,
  "counter": 133,
  "zed": 149.1025263750526,
  "kde_norm": 130.3729805807099,
  "welford_n": 1330,
  "welford_mean": [
    0.9076301865775541
  ],
  "welford_m2": [
    0.46701218065740807
  ],
  "n_merges": 131,
  "kernels": [
    {
      "center": [
        0.9259259259259257
      ],
      "sigma": [
        0.010873681849875323
      ],
      "height": 23978.88958895709
    },
    {
      "center": [
        0.888888888888889
      ],
      "sigma": [
        0.01055340997128095
      ],
      "height": 14911.840652034998
    }
  ],
  "bias_cv": "posebusters_pass_fraction",
  "bias_cv_names": [
    "posebusters_pass_fraction"
  ]
}