{
  "ndim": 1,
  "kbt": 1.0,
  "barrier": 5.0,
  "biasfactor": 10.0,
  "epsilon": 0.006737946999085467,
  "kernel_cutoff": 3.605551275463989,
  "compression_threshold": 0.5,
  "pace": 10,
  "sigma_min": [
    0.01
  ],
  "fixed_sigma": null,
  "explore": false,
  "bias_prefactor": 0.9,
  "sigma_0": [
    3.1622776601683795
  ],
  "sum_weights": 2.5401586033924257,
  "sum_weights2": 2.487690152212987,
  "counter": 3,
  "zed": 87.72432404259408,
  "kde_norm": 2.5401586033924257,
  "welford_n": 30,
  "welford_mean": [
    0.917283950617284
  ],
  "welford_m2": [
    0.018335619570187475
  ],
  "n_merges": 1,
  "kernels": [
    {
      "center": [
        0.9259259259259258
      ],
      "sigma": [
        0.02314156283662791
      ],
      "height": 295.8062372077024
    },
    {
      "center": [
        0.8888888888888888
      ],
      "sigma": [
        0.02159971295365324
      ],
      "height": 55.88521658627802
    }
  ],
  "bias_cv": "posebusters_pass_fraction",
  "bias_cv_names": [
    "posebusters_pass_fraction"
  ]
}