{
  "ndim": 1,
  "kbt": 1.0,
  "barrier": 5.0,
  "biasfactor": 10.0,
  "epsilon": 0.006737946999085467,
  "kernel_cutoff": 3.605551275463989,
  "compression_threshold": 0.5,
  "pace": 10,
  "sigma_min": [
    0.01
  ],
  "fixed_sigma": null,
  "explore": false,
  "bias_prefactor": 0.9,
  "sigma_0": [
    3.1622776601683795
  ],
  "sum_weights": 97.31651981682081,
  "sum_weights2": 102.93919915196595,
  "counter": 99,
  "zed": 146.18568214015235,
  "kde_norm": 97.31651981682081,
  "welford_n": 990,
  "welford_mean": [
    0.9076318742985405
  ],
  "welford_m2": [
    0.3504302282080085
  ],
  "n_merges": 97,
  "kernels": [
    {
      "center": [
        0.9259259259259253
      ],
      "sigma": [
        0.01113908807166065
      ],
      "height": 18160.921836365804
    },
    {
      "center": [
        0.8888888888888892
      ],
      "sigma": [
        0.010793755229346851
      ],
      "height": 10276.43766483837
    }
  ],
  "bias_cv": "posebusters_pass_fraction",
  "bias_cv_names": [
    "posebusters_pass_fraction"
  ]
}