{
  "ndim": 1,
  "kbt": 1.0,
  "barrier": 5.0,
  "biasfactor": 10.0,
  "epsilon": 0.006737946999085467,
  "kernel_cutoff": 3.605551275463989,
  "compression_threshold": 0.5,
  "pace": 10,
  "sigma_min": [
    0.01
  ],
  "fixed_sigma": null,
  "explore": false,
  "bias_prefactor": 0.9,
  "sigma_0": [
    3.1622776601683795
  ],
  "sum_weights": 49.78753223660239,
  "sum_weights2": 52.47883679549813,
  "counter": 52,
  "zed": 135.46393797629557,
  "kde_norm": 49.78753223660239,
  "welford_n": 520,
  "welford_mean": [
    0.9065527065527061
  ],
  "welford_m2": [
    0.18892054447610154
  ],
  "n_merges": 50,
  "kernels": [
    {
      "center": [
        0.9259259259259256
      ],
      "sigma": [
        0.012307308716856659
      ],
      "height": 8496.274924589825
    },
    {
      "center": [
        0.888888888888889
      ],
      "sigma": [
        0.011599004528026577
      ],
      "height": 4911.099013079835
    }
  ],
  "bias_cv": "posebusters_pass_fraction",
  "bias_cv_names": [
    "posebusters_pass_fraction"
  ]
}