{
  "ndim": 1,
  "kbt": 1.0,
  "barrier": 5.0,
  "biasfactor": 10.0,
  "epsilon": 0.006737946999085467,
  "kernel_cutoff": 3.605551275463989,
  "compression_threshold": 0.5,
  "pace": 10,
  "sigma_min": [
    0.01
  ],
  "fixed_sigma": null,
  "explore": false,
  "bias_prefactor": 0.9,
  "sigma_0": [
    3.1622776601683795
  ],
  "sum_weights": 152.80794401976075,
  "sum_weights2": 160.72415743703178,
  "counter": 155,
  "zed": 150.3691695763892,
  "kde_norm": 152.80794401976075,
  "welford_n": 1550,
  "welford_mean": [
    0.9075507765830335
  ],
  "welford_m2": [
    0.5424921456701656
  ],
  "n_merges": 153,
  "kernels": [
    {
      "center": [
        0.925925925925926
      ],
      "sigma": [
        0.010737454640165275
      ],
      "height": 28595.03811300032
    },
    {
      "center": [
        0.888888888888889
      ],
      "sigma": [
        0.010476325955170182
      ],
      "height": 17390.250496992252
    }
  ],
  "bias_cv": "posebusters_pass_fraction",
  "bias_cv_names": [
    "posebusters_pass_fraction"
  ]
}