{
  "ndim": 1,
  "kbt": 1.0,
  "barrier": 5.0,
  "biasfactor": 10.0,
  "epsilon": 0.006737946999085467,
  "kernel_cutoff": 3.605551275463989,
  "compression_threshold": 0.5,
  "pace": 10,
  "sigma_min": [
    0.01
  ],
  "fixed_sigma": null,
  "explore": false,
  "bias_prefactor": 0.9,
  "sigma_0": [
    3.1622776601683795
  ],
  "sum_weights": 27.491663165813655,
  "sum_weights2": 30.3183680072679,
  "counter": 28,
  "zed": 120.21300588001056,
  "kde_norm": 27.491663165813655,
  "welford_n": 280,
  "welford_mean": [
    0.9080687830687834
  ],
  "welford_m2": [
    0.10687340779933414
  ],
  "n_merges": 26,
  "kernels": [
    {
      "center": [
        0.9259259259259257
      ],
      "sigma": [
        0.013797864062442449
      ],
      "height": 4743.203863431222
    },
    {
      "center": [
        0.888888888888889
      ],
      "sigma": [
        0.013893321337203196
      ],
      "height": 1707.7482761036265
    }
  ],
  "bias_cv": "posebusters_pass_fraction",
  "bias_cv_names": [
    "posebusters_pass_fraction"
  ]
}