{
  "ndim": 1,
  "kbt": 1.0,
  "barrier": 5.0,
  "biasfactor": 10.0,
  "epsilon": 0.006737946999085467,
  "kernel_cutoff": 3.605551275463989,
  "compression_threshold": 0.5,
  "pace": 10,
  "sigma_min": [
    0.01
  ],
  "fixed_sigma": null,
  "explore": false,
  "bias_prefactor": 0.9,
  "sigma_0": [
    3.1622776601683795
  ],
  "sum_weights": 174.95124556892884,
  "sum_weights2": 189.26221511607176,
  "counter": 175,
  "zed": 100.8801427856419,
  "kde_norm": 174.95124556892884,
  "welford_n": 1750,
  "welford_mean": [
    0.9070687830687814
  ],
  "welford_m2": [
    0.63834528708603
  ],
  "n_merges": 172,
  "kernels": [
    {
      "center": [
        0.925925925925926
      ],
      "sigma": [
        0.01064441153412239
      ],
      "height": 32871.20527103865
    },
    {
      "center": [
        0.8888888888888888
      ],
      "sigma": [
        0.010413124112730012
      ],
      "height": 20112.779804009573
    },
    {
      "center": [
        0.8518518518518519
      ],
      "sigma": [
        0.01
      ],
      "height": 3.630316074984131
    }
  ],
  "bias_cv": "posebusters_pass_fraction",
  "bias_cv_names": [
    "posebusters_pass_fraction"
  ]
}