{
  "ndim": 1,
  "kbt": 1.0,
  "barrier": 5.0,
  "biasfactor": 10.0,
  "epsilon": 0.006737946999085467,
  "kernel_cutoff": 3.605551275463989,
  "compression_threshold": 0.5,
  "pace": 10,
  "sigma_min": [
    0.01
  ],
  "fixed_sigma": null,
  "explore": false,
  "bias_prefactor": 0.9,
  "sigma_0": [
    3.1622776601683795
  ],
  "sum_weights": 92.84543947859996,
  "sum_weights2": 97.77390443324136,
  "counter": 95,
  "zed": 145.636046007944,
  "kde_norm": 92.84543947859996,
  "welford_n": 950,
  "welford_mean": [
    0.9073684210526313
  ],
  "welford_m2": [
    0.3367612446754771
  ],
  "n_merges": 93,
  "kernels": [
    {
      "center": [
        0.9259259259259254
      ],
      "sigma": [
        0.011213439135560726
      ],
      "height": 16988.395439216332
    },
    {
      "center": [
        0.8888888888888891
      ],
      "sigma": [
        0.010812128217846762
      ],
      "height": 10035.08431495045
    }
  ],
  "bias_cv": "posebusters_pass_fraction",
  "bias_cv_names": [
    "posebusters_pass_fraction"
  ]
}