{
  "ndim": 1,
  "kbt": 1.0,
  "barrier": 5.0,
  "biasfactor": 10.0,
  "epsilon": 0.006737946999085467,
  "kernel_cutoff": 3.605551275463989,
  "compression_threshold": 0.5,
  "pace": 10,
  "sigma_min": [
    0.01
  ],
  "fixed_sigma": null,
  "explore": false,
  "bias_prefactor": 0.9,
  "sigma_0": [
    3.1622776601683795
  ],
  "sum_weights": 11.905461714878829,
  "sum_weights2": 11.820830061306456,
  "counter": 13,
  "zed": 103.56439390941418,
  "kde_norm": 11.905461714878829,
  "welford_n": 130,
  "welford_mean": [
    0.9082621082621082
  ],
  "welford_m2": [
    0.055460588793922294
  ],
  "n_merges": 11,
  "kernels": [
    {
      "center": [
        0.925925925925926
      ],
      "sigma": [
        0.017273246705373335
      ],
      "height": 1489.7614477708305
    },
    {
      "center": [
        0.888888888888889
      ],
      "sigma": [
        0.016311439398470354
      ],
      "height": 774.6409216990097
    }
  ],
  "bias_cv": "posebusters_pass_fraction",
  "bias_cv_names": [
    "posebusters_pass_fraction"
  ]
}