{
  "ndim": 1,
  "kbt": 1.0,
  "barrier": 5.0,
  "biasfactor": 10.0,
  "epsilon": 0.006737946999085467,
  "kernel_cutoff": 3.605551275463989,
  "compression_threshold": 0.5,
  "pace": 10,
  "sigma_min": [
    0.01
  ],
  "fixed_sigma": null,
  "explore": false,
  "bias_prefactor": 0.9,
  "sigma_0": [
    3.1622776601683795
  ],
  "sum_weights": 43.05137972262442,
  "sum_weights2": 44.82430384400171,
  "counter": 46,
  "zed": 132.16925193311394,
  "kde_norm": 43.05137972262442,
  "welford_n": 460,
  "welford_mean": [
    0.9056360708534618
  ],
  "welford_m2": [
    0.16728096856921446
  ],
  "n_merges": 44,
  "kernels": [
    {
      "center": [
        0.9259259259259256
      ],
      "sigma": [
        0.012880203847385417
      ],
      "height": 6635.876974231821
    },
    {
      "center": [
        0.8888888888888888
      ],
      "sigma": [
        0.011685214377539135
      ],
      "height": 4641.338502393879
    }
  ],
  "bias_cv": "posebusters_pass_fraction",
  "bias_cv_names": [
    "posebusters_pass_fraction"
  ]
}