{
  "ndim": 1,
  "kbt": 1.0,
  "barrier": 5.0,
  "biasfactor": 10.0,
  "epsilon": 0.006737946999085467,
  "kernel_cutoff": 3.605551275463989,
  "compression_threshold": 0.5,
  "pace": 10,
  "sigma_min": [
    0.01
  ],
  "fixed_sigma": null,
  "explore": false,
  "bias_prefactor": 0.9,
  "sigma_0": [
    3.1622776601683795
  ],
  "sum_weights": 68.91827473962056,
  "sum_weights2": 72.67924943986675,
  "counter": 71,
  "zed": 141.50453265169676,
  "kde_norm": 68.91827473962056,
  "welford_n": 710,
  "welford_mean": [
    0.9074074074074074
  ],
  "welford_m2": [
    0.25445816186557085
  ],
  "n_merges": 69,
  "kernels": [
    {
      "center": [
        0.9259259259259256
      ],
      "sigma": [
        0.011637156410747015
      ],
      "height": 12344.999704179396
    },
    {
      "center": [
        0.8888888888888888
      ],
      "sigma": [
        0.011128740087540383
      ],
      "height": 7112.0461974630725
    }
  ],
  "bias_cv": "posebusters_pass_fraction",
  "bias_cv_names": [
    "posebusters_pass_fraction"
  ]
}