{
  "ndim": 1,
  "kbt": 1.0,
  "barrier": 5.0,
  "biasfactor": 10.0,
  "epsilon": 0.006737946999085467,
  "kernel_cutoff": 3.605551275463989,
  "compression_threshold": 0.5,
  "pace": 10,
  "sigma_min": [
    0.01
  ],
  "fixed_sigma": null,
  "explore": false,
  "bias_prefactor": 0.9,
  "sigma_0": [
    3.1622776601683795
  ],
  "sum_weights": 41.067294304282406,
  "sum_weights2": 42.802043268759505,
  "counter": 44,
  "zed": 130.99533123714028,
  "kde_norm": 41.067294304282406,
  "welford_n": 440,
  "welford_mean": [
    0.9053030303030298
  ],
  "welford_m2": [
    0.15991707195411
  ],
  "n_merges": 42,
  "kernels": [
    {
      "center": [
        0.9259259259259256
      ],
      "sigma": [
        0.013028532740171109
      ],
      "height": 6270.221756073278
    },
    {
      "center": [
        0.8888888888888888
      ],
      "sigma": [
        0.01177830590945485
      ],
      "height": 4379.570821123542
    }
  ],
  "bias_cv": "posebusters_pass_fraction",
  "bias_cv_names": [
    "posebusters_pass_fraction"
  ]
}