{
  "ndim": 1,
  "kbt": 1.0,
  "barrier": 5.0,
  "biasfactor": 10.0,
  "epsilon": 0.006737946999085467,
  "kernel_cutoff": 3.605551275463989,
  "compression_threshold": 0.5,
  "pace": 10,
  "sigma_min": [
    0.01
  ],
  "fixed_sigma": null,
  "explore": false,
  "bias_prefactor": 0.9,
  "sigma_0": [
    3.1622776601683795
  ],
  "sum_weights": 71.67482885974428,
  "sum_weights2": 75.35600606149619,
  "counter": 74,
  "zed": 142.11917152932443,
  "kde_norm": 71.67482885974428,
  "welford_n": 740,
  "welford_mean": [
    0.9074574574574574
  ],
  "welford_m2": [
    0.2647443740036349
  ],
  "n_merges": 72,
  "kernels": [
    {
      "center": [
        0.9259259259259256
      ],
      "sigma": [
        0.011590626091626652
      ],
      "height": 12733.509100867945
    },
    {
      "center": [
        0.8888888888888888
      ],
      "sigma": [
        0.01106036402930904
      ],
      "height": 7595.235752085758
    }
  ],
  "bias_cv": "posebusters_pass_fraction",
  "bias_cv_names": [
    "posebusters_pass_fraction"
  ]
}