{
  "ndim": 1,
  "kbt": 1.0,
  "barrier": 5.0,
  "biasfactor": 10.0,
  "epsilon": 0.006737946999085467,
  "kernel_cutoff": 3.605551275463989,
  "compression_threshold": 0.5,
  "pace": 10,
  "sigma_min": [
    0.01
  ],
  "fixed_sigma": null,
  "explore": false,
  "bias_prefactor": 0.9,
  "sigma_0": [
    3.1622776601683795
  ],
  "sum_weights": 163.99195433797726,
  "sum_weights2": 171.59829404180127,
  "counter": 167,
  "zed": 150.8730056663027,
  "kde_norm": 163.99195433797726,
  "welford_n": 1670,
  "welford_mean": [
    0.907096917276557
  ],
  "welford_m2": [
    0.5835152739787934
  ],
  "n_merges": 165,
  "kernels": [
    {
      "center": [
        0.9259259259259259
      ],
      "sigma": [
        0.010701331655231905
      ],
      "height": 30120.329367105027
    },
    {
      "center": [
        0.888888888888889
      ],
      "sigma": [
        0.010427955357204746
      ],
      "height": 19401.653840926432
    }
  ],
  "bias_cv": "posebusters_pass_fraction",
  "bias_cv_names": [
    "posebusters_pass_fraction"
  ]
}