{
  "ndim": 1,
  "kbt": 1.0,
  "barrier": 5.0,
  "biasfactor": 10.0,
  "epsilon": 0.006737946999085467,
  "kernel_cutoff": 3.605551275463989,
  "compression_threshold": 0.5,
  "pace": 10,
  "sigma_min": [
    0.01
  ],
  "fixed_sigma": null,
  "explore": false,
  "bias_prefactor": 0.9,
  "sigma_0": [
    3.1622776601683795
  ],
  "sum_weights": 94.07860543335151,
  "sum_weights2": 99.29460270519967,
  "counter": 96,
  "zed": 145.79241603442432,
  "kde_norm": 94.07860543335151,
  "welford_n": 960,
  "welford_mean": [
    0.9073688271604935
  ],
  "welford_m2": [
    0.3401906149977161
  ],
  "n_merges": 94,
  "kernels": [
    {
      "center": [
        0.9259259259259253
      ],
      "sigma": [
        0.011187653805805685
      ],
      "height": 17378.356754215438
    },
    {
      "center": [
        0.8888888888888891
      ],
      "sigma": [
        0.010812128217846762
      ],
      "height": 10035.08431495045
    }
  ],
  "bias_cv": "posebusters_pass_fraction",
  "bias_cv_names": [
    "posebusters_pass_fraction"
  ]
}