{
  "ndim": 1,
  "kbt": 1.0,
  "barrier": 5.0,
  "biasfactor": 10.0,
  "epsilon": 0.006737946999085467,
  "kernel_cutoff": 3.605551275463989,
  "compression_threshold": 0.5,
  "pace": 10,
  "sigma_min": [
    0.01
  ],
  "fixed_sigma": null,
  "explore": false,
  "bias_prefactor": 0.9,
  "sigma_0": [
    3.1622776601683795
  ],
  "sum_weights": 58.509630487336324,
  "sum_weights2": 61.32493016712235,
  "counter": 61,
  "zed": 138.69479773017463,
  "kde_norm": 58.509630487336324,
  "welford_n": 610,
  "welford_mean": [
    0.9068609593199757
  ],
  "welford_m2": [
    0.21998245969102212
  ],
  "n_merges": 59,
  "kernels": [
    {
      "center": [
        0.9259259259259256
      ],
      "sigma": [
        0.011985651879826944
      ],
      "height": 10017.030199086255
    },
    {
      "center": [
        0.8888888888888888
      ],
      "sigma": [
        0.011295406471829646
      ],
      "height": 6148.513383392364
    }
  ],
  "bias_cv": "posebusters_pass_fraction",
  "bias_cv_names": [
    "posebusters_pass_fraction"
  ]
}