{
  "ndim": 1,
  "kbt": 1.0,
  "barrier": 5.0,
  "biasfactor": 10.0,
  "epsilon": 0.006737946999085467,
  "kernel_cutoff": 3.605551275463989,
  "compression_threshold": 0.5,
  "pace": 10,
  "sigma_min": [
    0.01
  ],
  "fixed_sigma": null,
  "explore": false,
  "bias_prefactor": 0.9,
  "sigma_0": [
    3.1622776601683795
  ],
  "sum_weights": 104.38920165603989,
  "sum_weights2": 109.49064492046536,
  "counter": 107,
  "zed": 146.96458238589454,
  "kde_norm": 104.38920165603989,
  "welford_n": 1070,
  "welford_mean": [
    0.9074074074074069
  ],
  "welford_m2": [
    0.3779149519890285
  ],
  "n_merges": 105,
  "kernels": [
    {
      "center": [
        0.9259259259259254
      ],
      "sigma": [
        0.011095009823770798
      ],
      "height": 18931.441947036128
    },
    {
      "center": [
        0.8888888888888892
      ],
      "sigma": [
        0.010697872357492406
      ],
      "height": 11742.495931932152
    }
  ],
  "bias_cv": "posebusters_pass_fraction",
  "bias_cv_names": [
    "posebusters_pass_fraction"
  ]
}