{
  "ndim": 1,
  "kbt": 1.0,
  "barrier": 5.0,
  "biasfactor": 10.0,
  "epsilon": 0.006737946999085467,
  "kernel_cutoff": 3.605551275463989,
  "compression_threshold": 0.5,
  "pace": 10,
  "sigma_min": [
    0.01
  ],
  "fixed_sigma": null,
  "explore": false,
  "bias_prefactor": 0.9,
  "sigma_0": [
    3.1622776601683795
  ],
  "sum_weights": 3.1942703344167342,
  "sum_weights2": 2.915552308876604,
  "counter": 4,
  "zed": 88.75580556592061,
  "kde_norm": 3.1942703344167342,
  "welford_n": 40,
  "welford_mean": [
    0.9111111111111111
  ],
  "welford_m2": [
    0.024142661179698266
  ],
  "n_merges": 2,
  "kernels": [
    {
      "center": [
        0.9259259259259258
      ],
      "sigma": [
        0.02314156283662791
      ],
      "height": 295.8062372077024
    },
    {
      "center": [
        0.8888888888888888
      ],
      "sigma": [
        0.02067184124855695
      ],
      "height": 158.54565752908695
    }
  ],
  "bias_cv": "posebusters_pass_fraction",
  "bias_cv_names": [
    "posebusters_pass_fraction"
  ]
}