{
  "ndim": 1,
  "kbt": 1.0,
  "barrier": 5.0,
  "biasfactor": 10.0,
  "epsilon": 0.006737946999085467,
  "kernel_cutoff": 3.605551275463989,
  "compression_threshold": 0.5,
  "pace": 10,
  "sigma_min": [
    0.01
  ],
  "fixed_sigma": null,
  "explore": false,
  "bias_prefactor": 0.9,
  "sigma_0": [
    3.1622776601683795
  ],
  "sum_weights": 82.42732848255302,
  "sum_weights2": 86.35802434870895,
  "counter": 85,
  "zed": 144.1279419337165,
  "kde_norm": 82.42732848255302,
  "welford_n": 850,
  "welford_mean": [
    0.9073202614379088
  ],
  "welford_m2": [
    0.30246268054547126
  ],
  "n_merges": 83,
  "kernels": [
    {
      "center": [
        0.9259259259259257
      ],
      "sigma": [
        0.011395635612172227
      ],
      "height": 14644.825656142939
    },
    {
      "center": [
        0.888888888888889
      ],
      "sigma": [
        0.010893641433028955
      ],
      "height": 9084.158131628466
    }
  ],
  "bias_cv": "posebusters_pass_fraction",
  "bias_cv_names": [
    "posebusters_pass_fraction"
  ]
}