{
  "ndim": 1,
  "kbt": 1.0,
  "barrier": 5.0,
  "biasfactor": 10.0,
  "epsilon": 0.006737946999085467,
  "kernel_cutoff": 3.605551275463989,
  "compression_threshold": 0.5,
  "pace": 10,
  "sigma_min": [
    0.01
  ],
  "fixed_sigma": null,
  "explore": false,
  "bias_prefactor": 0.9,
  "sigma_0": [
    3.1622776601683795
  ],
  "sum_weights": 32.029939299904974,
  "sum_weights2": 34.25987392620291,
  "counter": 34,
  "zed": 124.08689601157813,
  "kde_norm": 32.029939299904974,
  "welford_n": 340,
  "welford_mean": [
    0.905119825708061
  ],
  "welford_m2": [
    0.12579278625030327
  ],
  "n_merges": 32,
  "kernels": [
    {
      "center": [
        0.9259259259259257
      ],
      "sigma": [
        0.013581718989696352
      ],
      "height": 5154.114908167721
    },
    {
      "center": [
        0.8888888888888887
      ],
      "sigma": [
        0.012786510188799775
      ],
      "height": 2653.2391391565
    }
  ],
  "bias_cv": "posebusters_pass_fraction",
  "bias_cv_names": [
    "posebusters_pass_fraction"
  ]
}