{
  "ndim": 1,
  "kbt": 1.0,
  "barrier": 5.0,
  "biasfactor": 10.0,
  "epsilon": 0.006737946999085467,
  "kernel_cutoff": 3.605551275463989,
  "compression_threshold": 0.5,
  "pace": 10,
  "sigma_min": [
    0.01
  ],
  "fixed_sigma": null,
  "explore": false,
  "bias_prefactor": 0.9,
  "sigma_0": [
    3.1622776601683795
  ],
  "sum_weights": 14.438569157575728,
  "sum_weights2": 15.031651445984627,
  "counter": 15,
  "zed": 106.89602017660756,
  "kde_norm": 14.438569157575728,
  "welford_n": 150,
  "welford_mean": [
    0.9081481481481481
  ],
  "welford_m2": [
    0.06233196159122104
  ],
  "n_merges": 13,
  "kernels": [
    {
      "center": [
        0.925925925925926
      ],
      "sigma": [
        0.01610148879544707
      ],
      "height": 2112.1687278113973
    },
    {
      "center": [
        0.888888888888889
      ],
      "sigma": [
        0.016311439398470354
      ],
      "height": 774.6409216990097
    }
  ],
  "bias_cv": "posebusters_pass_fraction",
  "bias_cv_names": [
    "posebusters_pass_fraction"
  ]
}