{
  "ndim": 1,
  "kbt": 1.0,
  "barrier": 5.0,
  "biasfactor": 10.0,
  "epsilon": 0.006737946999085467,
  "kernel_cutoff": 3.605551275463989,
  "compression_threshold": 0.5,
  "pace": 10,
  "sigma_min": [
    0.01
  ],
  "fixed_sigma": null,
  "explore": false,
  "bias_prefactor": 0.9,
  "sigma_0": [
    3.1622776601683795
  ],
  "sum_weights": 90.58926965301018,
  "sum_weights2": 96.07691461321109,
  "counter": 92,
  "zed": 145.33563202377388,
  "kde_norm": 90.58926965301018,
  "welford_n": 920,
  "welford_mean": [
    0.9074074074074072
  ],
  "welford_m2": [
    0.3264746227709214
  ],
  "n_merges": 90,
  "kernels": [
    {
      "center": [
        0.9259259259259254
      ],
      "sigma": [
        0.011213439135560726
      ],
      "height": 16988.395439216332
    },
    {
      "center": [
        0.888888888888889
      ],
      "sigma": [
        0.010871788282960135
      ],
      "height": 9321.620771249602
    }
  ],
  "bias_cv": "posebusters_pass_fraction",
  "bias_cv_names": [
    "posebusters_pass_fraction"
  ]
}