{
  "ndim": 1,
  "kbt": 1.0,
  "barrier": 5.0,
  "biasfactor": 10.0,
  "epsilon": 0.006737946999085467,
  "kernel_cutoff": 3.605551275463989,
  "compression_threshold": 0.5,
  "pace": 10,
  "sigma_min": [
    0.01
  ],
  "fixed_sigma": null,
  "explore": false,
  "bias_prefactor": 0.9,
  "sigma_0": [
    3.1622776601683795
  ],
  "sum_weights": 148.37941479436165,
  "sum_weights2": 155.68223283137505,
  "counter": 151,
  "zed": 150.14944677891157,
  "kde_norm": 148.37941479436165,
  "welford_n": 1510,
  "welford_mean": [
    0.907530046602893
  ],
  "welford_m2": [
    0.5287838734000154
  ],
  "n_merges": 149,
  "kernels": [
    {
      "center": [
        0.9259259259259259
      ],
      "sigma": [
        0.010767317553577257
      ],
      "height": 27442.640994104477
    },
    {
      "center": [
        0.8888888888888888
      ],
      "sigma": [
        0.010483058963825523
      ],
      "height": 17142.22371219986
    }
  ],
  "bias_cv": "posebusters_pass_fraction",
  "bias_cv_names": [
    "posebusters_pass_fraction"
  ]
}