{
  "ndim": 1,
  "kbt": 1.0,
  "barrier": 5.0,
  "biasfactor": 10.0,
  "epsilon": 0.006737946999085467,
  "kernel_cutoff": 3.605551275463989,
  "compression_threshold": 0.5,
  "pace": 10,
  "sigma_min": [
    0.01
  ],
  "fixed_sigma": null,
  "explore": false,
  "bias_prefactor": 0.9,
  "sigma_0": [
    3.1622776601683795
  ],
  "sum_weights": 113.0523529931834,
  "sum_weights2": 120.2138814404465,
  "counter": 114,
  "zed": 147.78244310318718,
  "kde_norm": 113.0523529931834,
  "welford_n": 1140,
  "welford_mean": [
    0.9081221572449636
  ],
  "welford_m2": [
    0.40133805020095203
  ],
  "n_merges": 112,
  "kernels": [
    {
      "center": [
        0.9259259259259255
      ],
      "sigma": [
        0.010962625572031077
      ],
      "height": 21670.970941046817
    },
    {
      "center": [
        0.8888888888888892
      ],
      "sigma": [
        0.010697872357492406
      ],
      "height": 11742.495931932152
    }
  ],
  "bias_cv": "posebusters_pass_fraction",
  "bias_cv_names": [
    "posebusters_pass_fraction"
  ]
}