{
  "ndim": 1,
  "kbt": 1.0,
  "barrier": 5.0,
  "biasfactor": 10.0,
  "epsilon": 0.006737946999085467,
  "kernel_cutoff": 3.605551275463989,
  "compression_threshold": 0.5,
  "pace": 10,
  "sigma_min": [
    0.01
  ],
  "fixed_sigma": null,
  "explore": false,
  "bias_prefactor": 0.9,
  "sigma_0": [
    3.1622776601683795
  ],
  "sum_weights": 34.00211804075229,
  "sum_weights2": 36.372323143325545,
  "counter": 36,
  "zed": 125.7360061697596,
  "kde_norm": 34.00211804075229,
  "welford_n": 360,
  "welford_mean": [
    0.9050411522633744
  ],
  "welford_m2": [
    0.13241502819692186
  ],
  "n_merges": 34,
  "kernels": [
    {
      "center": [
        0.9259259259259256
      ],
      "sigma": [
        0.013372530599003094
      ],
      "height": 5547.7873465049015
    },
    {
      "center": [
        0.8888888888888887
      ],
      "sigma": [
        0.012607488955962748
      ],
      "height": 2869.958280258081
    }
  ],
  "bias_cv": "posebusters_pass_fraction",
  "bias_cv_names": [
    "posebusters_pass_fraction"
  ]
}