{
  "ndim": 1,
  "kbt": 1.0,
  "barrier": 5.0,
  "biasfactor": 10.0,
  "epsilon": 0.006737946999085467,
  "kernel_cutoff": 3.605551275463989,
  "compression_threshold": 0.5,
  "pace": 10,
  "sigma_min": [
    0.01
  ],
  "fixed_sigma": null,
  "explore": false,
  "bias_prefactor": 0.9,
  "sigma_0": [
    3.1622776601683795
  ],
  "sum_weights": 142.8050812012103,
  "sum_weights2": 150.2589838387442,
  "counter": 145,
  "zed": 149.85288141490653,
  "kde_norm": 142.8050812012103,
  "welford_n": 1450,
  "welford_mean": [
    0.9076883780332047
  ],
  "welford_m2": [
    0.5081159831606862
  ],
  "n_merges": 143,
  "kernels": [
    {
      "center": [
        0.9259259259259258
      ],
      "sigma": [
        0.010788603546453938
      ],
      "height": 26674.568240869474
    },
    {
      "center": [
        0.8888888888888888
      ],
      "sigma": [
        0.01051208955295359
      ],
      "height": 16147.537406239991
    }
  ],
  "bias_cv": "posebusters_pass_fraction",
  "bias_cv_names": [
    "posebusters_pass_fraction"
  ]
}