{
  "ndim": 1,
  "kbt": 1.0,
  "barrier": 5.0,
  "biasfactor": 10.0,
  "epsilon": 0.006737946999085467,
  "kernel_cutoff": 3.605551275463989,
  "compression_threshold": 0.5,
  "pace": 10,
  "sigma_min": [
    0.01
  ],
  "fixed_sigma": null,
  "explore": false,
  "bias_prefactor": 0.9,
  "sigma_0": [
    3.1622776601683795
  ],
  "sum_weights": 172.07755763847143,
  "sum_weights2": 184.94492023097195,
  "counter": 173,
  "zed": 100.80886622593061,
  "kde_norm": 172.07755763847143,
  "welford_n": 1730,
  "welford_mean": [
    0.9071505031042587
  ],
  "welford_m2": [
    0.6315730631080689
  ],
  "n_merges": 170,
  "kernels": [
    {
      "center": [
        0.9259259259259262
      ],
      "sigma": [
        0.010655067333004259
      ],
      "height": 32319.81631455938
    },
    {
      "center": [
        0.8888888888888888
      ],
      "sigma": [
        0.010420446198410958
      ],
      "height": 19755.428846010742
    },
    {
      "center": [
        0.8518518518518519
      ],
      "sigma": [
        0.01
      ],
      "height": 3.630316074984131
    }
  ],
  "bias_cv": "posebusters_pass_fraction",
  "bias_cv_names": [
    "posebusters_pass_fraction"
  ]
}