{
  "ndim": 1,
  "kbt": 1.0,
  "barrier": 5.0,
  "biasfactor": 10.0,
  "epsilon": 0.006737946999085467,
  "kernel_cutoff": 3.605551275463989,
  "compression_threshold": 0.5,
  "pace": 10,
  "sigma_min": [
    0.01
  ],
  "fixed_sigma": null,
  "explore": false,
  "bias_prefactor": 0.9,
  "sigma_0": [
    3.1622776601683795
  ],
  "sum_weights": 114.53180264757948,
  "sum_weights2": 121.3083017649639,
  "counter": 116,
  "zed": 147.91103581765864,
  "kde_norm": 114.53180264757948,
  "welford_n": 1160,
  "welford_mean": [
    0.9079501915708804
  ],
  "welford_m2": [
    0.40843739652807703
  ],
  "n_merges": 114,
  "kernels": [
    {
      "center": [
        0.9259259259259255
      ],
      "sigma": [
        0.010962625572031077
      ],
      "height": 21670.970941046817
    },
    {
      "center": [
        0.8888888888888892
      ],
      "sigma": [
        0.010671973967219207
      ],
      "height": 12210.338991076203
    }
  ],
  "bias_cv": "posebusters_pass_fraction",
  "bias_cv_names": [
    "posebusters_pass_fraction"
  ]
}