{
  "ndim": 1,
  "kbt": 1.0,
  "barrier": 5.0,
  "biasfactor": 10.0,
  "epsilon": 0.006737946999085467,
  "kernel_cutoff": 3.605551275463989,
  "compression_threshold": 0.5,
  "pace": 10,
  "sigma_min": [
    0.01
  ],
  "fixed_sigma": null,
  "explore": false,
  "bias_prefactor": 0.9,
  "sigma_0": [
    3.1622776601683795
  ],
  "sum_weights": 22.531488952172666,
  "sum_weights2": 25.38345970050551,
  "counter": 22,
  "zed": 115.64964278078008,
  "kde_norm": 22.531488952172666,
  "welford_n": 220,
  "welford_mean": [
    0.9084175084175085
  ],
  "welford_m2": [
    0.08619528619528645
  ],
  "n_merges": 20,
  "kernels": [
    {
      "center": [
        0.9259259259259258
      ],
      "sigma": [
        0.01429681227438163
      ],
      "height": 3961.018790463346
    },
    {
      "center": [
        0.888888888888889
      ],
      "sigma": [
        0.015266162265996922
      ],
      "height": 1070.97753221935
    }
  ],
  "bias_cv": "posebusters_pass_fraction",
  "bias_cv_names": [
    "posebusters_pass_fraction"
  ]
}