{
  "ndim": 1,
  "kbt": 1.0,
  "barrier": 5.0,
  "biasfactor": 10.0,
  "epsilon": 0.006737946999085467,
  "kernel_cutoff": 3.605551275463989,
  "compression_threshold": 0.5,
  "pace": 10,
  "sigma_min": [
    0.01
  ],
  "fixed_sigma": null,
  "explore": false,
  "bias_prefactor": 0.9,
  "sigma_0": [
    3.1622776601683795
  ],
  "sum_weights": 157.59516103071056,
  "sum_weights2": 165.52075970021878,
  "counter": 160,
  "zed": 150.59341607312228,
  "kde_norm": 157.59516103071056,
  "welford_n": 1600,
  "welford_mean": [
    0.9073379629629619
  ],
  "welford_m2": [
    0.5596630658436239
  ],
  "n_merges": 158,
  "kernels": [
    {
      "center": [
        0.925925925925926
      ],
      "sigma": [
        0.010718872846306075
      ],
      "height": 29360.48577722419
    },
    {
      "center": [
        0.8888888888888888
      ],
      "sigma": [
        0.010457101831051302
      ],
      "height": 18138.653773578848
    }
  ],
  "bias_cv": "posebusters_pass_fraction",
  "bias_cv_names": [
    "posebusters_pass_fraction"
  ]
}