{
  "ndim": 1,
  "kbt": 1.0,
  "barrier": 5.0,
  "biasfactor": 10.0,
  "epsilon": 0.006737946999085467,
  "kernel_cutoff": 3.605551275463989,
  "compression_threshold": 0.5,
  "pace": 10,
  "sigma_min": [
    0.01
  ],
  "fixed_sigma": null,
  "explore": false,
  "bias_prefactor": 0.9,
  "sigma_0": [
    3.1622776601683795
  ],
  "sum_weights": 63.70597226826523,
  "sum_weights2": 66.97117838140808,
  "counter": 66,
  "zed": 140.20793482011007,
  "kde_norm": 63.70597226826523,
  "welford_n": 660,
  "welford_mean": [
    0.9071268237934904
  ],
  "welford_m2": [
    0.2372594255310319
  ],
  "n_merges": 64,
  "kernels": [
    {
      "center": [
        0.9259259259259255
      ],
      "sigma": [
        0.011795485658074463
      ],
      "height": 11174.624805557449
    },
    {
      "center": [
        0.8888888888888887
      ],
      "sigma": [
        0.011205661119231632
      ],
      "height": 6634.146329764275
    }
  ],
  "bias_cv": "posebusters_pass_fraction",
  "bias_cv_names": [
    "posebusters_pass_fraction"
  ]
}