{
  "ndim": 1,
  "kbt": 1.0,
  "barrier": 5.0,
  "biasfactor": 10.0,
  "epsilon": 0.006737946999085467,
  "kernel_cutoff": 3.605551275463989,
  "compression_threshold": 0.5,
  "pace": 10,
  "sigma_min": [
    0.01
  ],
  "fixed_sigma": null,
  "explore": false,
  "bias_prefactor": 0.9,
  "sigma_0": [
    3.1622776601683795
  ],
  "sum_weights": 110.53767180169909,
  "sum_weights2": 117.05204176543364,
  "counter": 112,
  "zed": 147.55786077591918,
  "kde_norm": 110.53767180169909,
  "welford_n": 1120,
  "welford_mean": [
    0.9078042328042321
  ],
  "welford_m2": [
    0.39488536155203163
  ],
  "n_merges": 110,
  "kernels": [
    {
      "center": [
        0.9259259259259254
      ],
      "sigma": [
        0.010997628660735255
      ],
      "height": 20875.758925619168
    },
    {
      "center": [
        0.8888888888888892
      ],
      "sigma": [
        0.010697872357492406
      ],
      "height": 11742.495931932152
    }
  ],
  "bias_cv": "posebusters_pass_fraction",
  "bias_cv_names": [
    "posebusters_pass_fraction"
  ]
}