{
  "ndim": 1,
  "kbt": 1.0,
  "barrier": 5.0,
  "biasfactor": 10.0,
  "epsilon": 0.006737946999085467,
  "kernel_cutoff": 3.605551275463989,
  "compression_threshold": 0.5,
  "pace": 10,
  "sigma_min": [
    0.01
  ],
  "fixed_sigma": null,
  "explore": false,
  "bias_prefactor": 0.9,
  "sigma_0": [
    3.1622776601683795
  ],
  "sum_weights": 116.5291037758437,
  "sum_weights2": 123.42439729248217,
  "counter": 118,
  "zed": 148.07869262454443,
  "kde_norm": 116.5291037758437,
  "welford_n": 1180,
  "welford_mean": [
    0.9077526679221586
  ],
  "welford_m2": [
    0.4154971983911124
  ],
  "n_merges": 116,
  "kernels": [
    {
      "center": [
        0.9259259259259255
      ],
      "sigma": [
        0.010946189597062126
      ],
      "height": 22064.710937754975
    },
    {
      "center": [
        0.8888888888888892
      ],
      "sigma": [
        0.01065953078336313
      ],
      "height": 12448.201068221944
    }
  ],
  "bias_cv": "posebusters_pass_fraction",
  "bias_cv_names": [
    "posebusters_pass_fraction"
  ]
}