{
  "ndim": 1,
  "kbt": 1.0,
  "barrier": 5.0,
  "biasfactor": 10.0,
  "epsilon": 0.006737946999085467,
  "kernel_cutoff": 3.605551275463989,
  "compression_threshold": 0.5,
  "pace": 10,
  "sigma_min": [
    0.01
  ],
  "fixed_sigma": null,
  "explore": false,
  "bias_prefactor": 0.9,
  "sigma_0": [
    3.1622776601683795
  ],
  "sum_weights": 140.37537699330628,
  "sum_weights2": 147.30723385074685,
  "counter": 143,
  "zed": 149.71689088329626,
  "kde_norm": 140.37537699330628,
  "welford_n": 1430,
  "welford_mean": [
    0.9078218078218069
  ],
  "welford_m2": [
    0.5011261714965456
  ],
  "n_merges": 141,
  "kernels": [
    {
      "center": [
        0.9259259259259257
      ],
      "sigma": [
        0.010811114048811072
      ],
      "height": 25906.22830712228
    },
    {
      "center": [
        0.8888888888888888
      ],
      "sigma": [
        0.01051208955295359
      ],
      "height": 16147.537406239991
    }
  ],
  "bias_cv": "posebusters_pass_fraction",
  "bias_cv_names": [
    "posebusters_pass_fraction"
  ]
}