{
  "ndim": 1,
  "kbt": 1.0,
  "barrier": 5.0,
  "biasfactor": 10.0,
  "epsilon": 0.006737946999085467,
  "kernel_cutoff": 3.605551275463989,
  "compression_threshold": 0.5,
  "pace": 10,
  "sigma_min": [
    0.01
  ],
  "fixed_sigma": null,
  "explore": false,
  "bias_prefactor": 0.9,
  "sigma_0": [
    3.1622776601683795
  ],
  "sum_weights": 136.80467460122426,
  "sum_weights2": 143.97815235645294,
  "counter": 139,
  "zed": 149.50732354717152,
  "kde_norm": 136.80467460122426,
  "welford_n": 1390,
  "welford_mean": [
    0.9078870237143613
  ],
  "welford_m2": [
    0.4873345767830219
  ],
  "n_merges": 137,
  "kernels": [
    {
      "center": [
        0.9259259259259257
      ],
      "sigma": [
        0.010822894950056314
      ],
      "height": 25520.89708066921
    },
    {
      "center": [
        0.8888888888888888
      ],
      "sigma": [
        0.010536187721058934
      ],
      "height": 15403.71339213399
    }
  ],
  "bias_cv": "posebusters_pass_fraction",
  "bias_cv_names": [
    "posebusters_pass_fraction"
  ]
}