{
  "ndim": 1,
  "kbt": 1.0,
  "barrier": 5.0,
  "biasfactor": 10.0,
  "epsilon": 0.006737946999085467,
  "kernel_cutoff": 3.605551275463989,
  "compression_threshold": 0.5,
  "pace": 10,
  "sigma_min": [
    0.01
  ],
  "fixed_sigma": null,
  "explore": false,
  "bias_prefactor": 0.9,
  "sigma_0": [
    3.1622776601683795
  ],
  "sum_weights": 33.305601393662144,
  "sum_weights2": 35.88718770365184,
  "counter": 35,
  "zed": 125.1461806199801,
  "kde_norm": 33.305601393662144,
  "welford_n": 350,
  "welford_mean": [
    0.9051851851851852
  ],
  "welford_m2": [
    0.12927297668038476
  ],
  "n_merges": 33,
  "kernels": [
    {
      "center": [
        0.9259259259259256
      ],
      "sigma": [
        0.013372530599003094
      ],
      "height": 5547.7873465049015
    },
    {
      "center": [
        0.8888888888888887
      ],
      "sigma": [
        0.012786510188799775
      ],
      "height": 2653.2391391565
    }
  ],
  "bias_cv": "posebusters_pass_fraction",
  "bias_cv_names": [
    "posebusters_pass_fraction"
  ]
}