{
  "ndim": 1,
  "kbt": 1.0,
  "barrier": 5.0,
  "biasfactor": 10.0,
  "epsilon": 0.006737946999085467,
  "kernel_cutoff": 3.605551275463989,
  "compression_threshold": 0.5,
  "pace": 10,
  "sigma_min": [
    0.01
  ],
  "fixed_sigma": null,
  "explore": false,
  "bias_prefactor": 0.9,
  "sigma_0": [
    3.1622776601683795
  ],
  "sum_weights": 30.047407803122642,
  "sum_weights2": 32.947479307403995,
  "counter": 31,
  "zed": 122.36836695447695,
  "kde_norm": 30.047407803122642,
  "welford_n": 310,
  "welford_mean": [
    0.9066905615292713
  ],
  "welford_m2": [
    0.11712465153325428
  ],
  "n_merges": 29,
  "kernels": [
    {
      "center": [
        0.9259259259259257
      ],
      "sigma": [
        0.013581718989696352
      ],
      "height": 5154.114908167721
    },
    {
      "center": [
        0.8888888888888887
      ],
      "sigma": [
        0.013404327419366252
      ],
      "height": 2051.0274556649138
    }
  ],
  "bias_cv": "posebusters_pass_fraction",
  "bias_cv_names": [
    "posebusters_pass_fraction"
  ]
}