{
  "ndim": 1,
  "kbt": 1.0,
  "barrier": 5.0,
  "biasfactor": 10.0,
  "epsilon": 0.006737946999085467,
  "kernel_cutoff": 3.605551275463989,
  "compression_threshold": 0.5,
  "pace": 10,
  "sigma_min": [
    0.01
  ],
  "fixed_sigma": null,
  "explore": false,
  "bias_prefactor": 0.9,
  "sigma_0": [
    3.1622776601683795
  ],
  "sum_weights": 37.103828112229046,
  "sum_weights2": 38.78237562288131,
  "counter": 40,
  "zed": 128.30094265263045,
  "kde_norm": 37.103828112229046,
  "welford_n": 400,
  "welford_mean": [
    0.9047222222222218
  ],
  "welford_m2": [
    0.14526406035665368
  ],
  "n_merges": 38,
  "kernels": [
    {
      "center": [
        0.9259259259259256
      ],
      "sigma": [
        0.013372530599003094
      ],
      "height": 5547.7873465049015
    },
    {
      "center": [
        0.8888888888888888
      ],
      "sigma": [
        0.012002962684589783
      ],
      "height": 3848.647171095619
    }
  ],
  "bias_cv": "posebusters_pass_fraction",
  "bias_cv_names": [
    "posebusters_pass_fraction"
  ]
}