{
  "ndim": 1,
  "kbt": 1.0,
  "barrier": 5.0,
  "biasfactor": 10.0,
  "epsilon": 0.006737946999085467,
  "kernel_cutoff": 3.605551275463989,
  "compression_threshold": 0.5,
  "pace": 10,
  "sigma_min": [
    0.01
  ],
  "fixed_sigma": null,
  "explore": false,
  "bias_prefactor": 0.9,
  "sigma_0": [
    3.1622776601683795
  ],
  "sum_weights": 144.80548512082953,
  "sum_weights2": 152.3543611041199,
  "counter": 147,
  "zed": 149.96177974818414,
  "kde_norm": 144.80548512082953,
  "welford_n": 1470,
  "welford_mean": [
    0.907684555303602
  ],
  "welford_m2": [
    0.5149762511314572
  ],
  "n_merges": 145,
  "kernels": [
    {
      "center": [
        0.9259259259259258
      ],
      "sigma": [
        0.010777786513690595
      ],
      "height": 27059.62372335831
    },
    {
      "center": [
        0.8888888888888888
      ],
      "sigma": [
        0.010504543784548244
      ],
      "height": 16395.06518638368
    }
  ],
  "bias_cv": "posebusters_pass_fraction",
  "bias_cv_names": [
    "posebusters_pass_fraction"
  ]
}