{
  "ndim": 1,
  "kbt": 1.0,
  "barrier": 5.0,
  "biasfactor": 10.0,
  "epsilon": 0.006737946999085467,
  "kernel_cutoff": 3.605551275463989,
  "compression_threshold": 0.5,
  "pace": 10,
  "sigma_min": [
    0.01
  ],
  "fixed_sigma": null,
  "explore": false,
  "bias_prefactor": 0.9,
  "sigma_0": [
    3.1622776601683795
  ],
  "sum_weights": 161.9896265569078,
  "sum_weights2": 169.5201078743522,
  "counter": 165,
  "zed": 150.78797565815825,
  "kde_norm": 161.9896265569078,
  "welford_n": 1650,
  "welford_mean": [
    0.9071604938271595
  ],
  "welford_m2": [
    0.5767169638774597
  ],
  "n_merges": 163,
  "kernels": [
    {
      "center": [
        0.925925925925926
      ],
      "sigma": [
        0.010709931653958574
      ],
      "height": 29743.10026528298
    },
    {
      "center": [
        0.888888888888889
      ],
      "sigma": [
        0.010433557870778693
      ],
      "height": 19145.691301707426
    }
  ],
  "bias_cv": "posebusters_pass_fraction",
  "bias_cv_names": [
    "posebusters_pass_fraction"
  ]
}