{
  "ndim": 1,
  "kbt": 1.0,
  "barrier": 5.0,
  "biasfactor": 10.0,
  "epsilon": 0.006737946999085467,
  "kernel_cutoff": 3.605551275463989,
  "compression_threshold": 0.5,
  "pace": 10,
  "sigma_min": [
    0.01
  ],
  "fixed_sigma": null,
  "explore": false,
  "bias_prefactor": 0.9,
  "sigma_0": [
    3.1622776601683795
  ],
  "sum_weights": 155.59384099190865,
  "sum_weights2": 163.4303358665338,
  "counter": 158,
  "zed": 150.50139548294925,
  "kde_norm": 155.59384099190865,
  "welford_n": 1580,
  "welford_mean": [
    0.9074777308954516
  ],
  "welford_m2": [
    0.5528042576096989
  ],
  "n_merges": 156,
  "kernels": [
    {
      "center": [
        0.9259259259259259
      ],
      "sigma": [
        0.010728044164569609
      ],
      "height": 28977.79867783257
    },
    {
      "center": [
        0.8888888888888887
      ],
      "sigma": [
        0.010463353206250973
      ],
      "height": 17888.467908015413
    }
  ],
  "bias_cv": "posebusters_pass_fraction",
  "bias_cv_names": [
    "posebusters_pass_fraction"
  ]
}