{
  "ndim": 1,
  "kbt": 1.0,
  "barrier": 5.0,
  "biasfactor": 10.0,
  "epsilon": 0.006737946999085467,
  "kernel_cutoff": 3.605551275463989,
  "compression_threshold": 0.5,
  "pace": 10,
  "sigma_min": [
    0.01
  ],
  "fixed_sigma": null,
  "explore": false,
  "bias_prefactor": 0.9,
  "sigma_0": [
    3.1622776601683795
  ],
  "sum_weights": 115.28398858033871,
  "sum_weights2": 121.87408544240476,
  "counter": 117,
  "zed": 147.97517628528541,
  "kde_norm": 115.28398858033871,
  "welford_n": 1170,
  "welford_mean": [
    0.9078189300411511
  ],
  "welford_m2": [
    0.4120103642737421
  ],
  "n_merges": 115,
  "kernels": [
    {
      "center": [
        0.9259259259259255
      ],
      "sigma": [
        0.010962625572031077
      ],
      "height": 21670.970941046817
    },
    {
      "center": [
        0.8888888888888892
      ],
      "sigma": [
        0.01065953078336313
      ],
      "height": 12448.201068221944
    }
  ],
  "bias_cv": "posebusters_pass_fraction",
  "bias_cv_names": [
    "posebusters_pass_fraction"
  ]
}