{
  "ndim": 1,
  "kbt": 1.0,
  "barrier": 5.0,
  "biasfactor": 10.0,
  "epsilon": 0.006737946999085467,
  "kernel_cutoff": 3.605551275463989,
  "compression_threshold": 0.5,
  "pace": 10,
  "sigma_min": [
    0.01
  ],
  "fixed_sigma": null,
  "explore": false,
  "bias_prefactor": 0.9,
  "sigma_0": [
    3.1622776601683795
  ],
  "sum_weights": 100.8322107866829,
  "sum_weights2": 106.18724897809275,
  "counter": 103,
  "zed": 146.58631334605374,
  "kde_norm": 100.8322107866829,
  "welford_n": 1030,
  "welford_mean": [
    0.9076231571377198
  ],
  "welford_m2": [
    0.3641495864796862
  ],
  "n_merges": 101,
  "kernels": [
    {
      "center": [
        0.9259259259259254
      ],
      "sigma": [
        0.011116528275338992
      ],
      "height": 18547.663041039636
    },
    {
      "center": [
        0.8888888888888891
      ],
      "sigma": [
        0.010743250414502713
      ],
      "height": 11001.45556156959
    }
  ],
  "bias_cv": "posebusters_pass_fraction",
  "bias_cv_names": [
    "posebusters_pass_fraction"
  ]
}