{
  "ndim": 1,
  "kbt": 1.0,
  "barrier": 5.0,
  "biasfactor": 10.0,
  "epsilon": 0.006737946999085467,
  "kernel_cutoff": 3.605551275463989,
  "compression_threshold": 0.5,
  "pace": 10,
  "sigma_min": [
    0.01
  ],
  "fixed_sigma": null,
  "explore": false,
  "bias_prefactor": 0.9,
  "sigma_0": [
    3.1622776601683795
  ],
  "sum_weights": 111.79120926647224,
  "sum_weights2": 118.62339794102354,
  "counter": 113,
  "zed": 147.67104092401175,
  "kde_norm": 111.79120926647224,
  "welford_n": 1130,
  "welford_mean": [
    0.9079646017699108
  ],
  "welford_m2": [
    0.3981402575961774
  ],
  "n_merges": 111,
  "kernels": [
    {
      "center": [
        0.9259259259259254
      ],
      "sigma": [
        0.010979866874093743
      ],
      "height": 21272.162277722793
    },
    {
      "center": [
        0.8888888888888892
      ],
      "sigma": [
        0.010697872357492406
      ],
      "height": 11742.495931932152
    }
  ],
  "bias_cv": "posebusters_pass_fraction",
  "bias_cv_names": [
    "posebusters_pass_fraction"
  ]
}