{
  "ndim": 1,
  "kbt": 1.0,
  "barrier": 5.0,
  "biasfactor": 10.0,
  "epsilon": 0.006737946999085467,
  "kernel_cutoff": 3.605551275463989,
  "compression_threshold": 0.5,
  "pace": 10,
  "sigma_min": [
    0.01
  ],
  "fixed_sigma": null,
  "explore": false,
  "bias_prefactor": 0.9,
  "sigma_0": [
    3.1622776601683795
  ],
  "sum_weights": 52.15246101743457,
  "sum_weights2": 54.343975096812905,
  "counter": 55,
  "zed": 136.45894701504866,
  "kde_norm": 52.15246101743457,
  "welford_n": 550,
  "welford_mean": [
    0.9062626262626259
  ],
  "welford_m2": [
    0.19886768923806106
  ],
  "n_merges": 53,
  "kernels": [
    {
      "center": [
        0.9259259259259256
      ],
      "sigma": [
        0.012307308716856659
      ],
      "height": 8496.274924589825
    },
    {
      "center": [
        0.888888888888889
      ],
      "sigma": [
        0.01140055700318105
      ],
      "height": 5658.95515823132
    }
  ],
  "bias_cv": "posebusters_pass_fraction",
  "bias_cv_names": [
    "posebusters_pass_fraction"
  ]
}