{
  "ndim": 1,
  "kbt": 1.0,
  "barrier": 5.0,
  "biasfactor": 10.0,
  "epsilon": 0.006737946999085467,
  "kernel_cutoff": 3.605551275463989,
  "compression_threshold": 0.5,
  "pace": 10,
  "sigma_min": [
    0.01
  ],
  "fixed_sigma": null,
  "explore": false,
  "bias_prefactor": 0.9,
  "sigma_0": [
    3.1622776601683795
  ],
  "sum_weights": 117.28180470079286,
  "sum_weights2": 123.9909559749015,
  "counter": 119,
  "zed": 148.14072391898816,
  "kde_norm": 117.28180470079286,
  "welford_n": 1190,
  "welford_mean": [
    0.9078120136943657
  ],
  "welford_m2": [
    0.4188724049290531
  ],
  "n_merges": 117,
  "kernels": [
    {
      "center": [
        0.9259259259259255
      ],
      "sigma": [
        0.010946189597062126
      ],
      "height": 22064.710937754975
    },
    {
      "center": [
        0.8888888888888892
      ],
      "sigma": [
        0.01064753242204368
      ],
      "height": 12686.226000197426
    }
  ],
  "bias_cv": "posebusters_pass_fraction",
  "bias_cv_names": [
    "posebusters_pass_fraction"
  ]
}