{
  "ndim": 1,
  "kbt": 1.0,
  "barrier": 5.0,
  "biasfactor": 10.0,
  "epsilon": 0.006737946999085467,
  "kernel_cutoff": 3.605551275463989,
  "compression_threshold": 0.5,
  "pace": 10,
  "sigma_min": [
    0.01
  ],
  "fixed_sigma": null,
  "explore": false,
  "bias_prefactor": 0.9,
  "sigma_0": [
    3.1622776601683795
  ],
  "sum_weights": 96.074619862428,
  "sum_weights2": 101.39688365524506,
  "counter": 98,
  "zed": 146.03829579095475,
  "kde_norm": 96.074619862428,
  "welford_n": 980,
  "welford_mean": [
    0.9074452003023428
  ],
  "welford_m2": [
    0.34704935472131476
  ],
  "n_merges": 96,
  "kernels": [
    {
      "center": [
        0.9259259259259253
      ],
      "sigma": [
        0.011162952012942056
      ],
      "height": 17768.19858817175
    },
    {
      "center": [
        0.8888888888888892
      ],
      "sigma": [
        0.010793755229346851
      ],
      "height": 10276.43766483837
    }
  ],
  "bias_cv": "posebusters_pass_fraction",
  "bias_cv_names": [
    "posebusters_pass_fraction"
  ]
}