{
  "ndim": 1,
  "kbt": 1.0,
  "barrier": 5.0,
  "biasfactor": 10.0,
  "epsilon": 0.006737946999085467,
  "kernel_cutoff": 3.605551275463989,
  "compression_threshold": 0.5,
  "pace": 10,
  "sigma_min": [
    0.01
  ],
  "fixed_sigma": null,
  "explore": false,
  "bias_prefactor": 0.9,
  "sigma_0": [
    3.1622776601683795
  ],
  "sum_weights": 54.530362335442526,
  "sum_weights2": 57.17135025692581,
  "counter": 57,
  "zed": 137.34641487132012,
  "kde_norm": 54.530362335442526,
  "welford_n": 570,
  "welford_mean": [
    0.906367771280052
  ],
  "welford_m2": [
    0.20583110726060835
  ],
  "n_merges": 55,
  "kernels": [
    {
      "center": [
        0.9259259259259256
      ],
      "sigma": [
        0.012136099884506887
      ],
      "height": 9248.233346191973
    },
    {
      "center": [
        0.888888888888889
      ],
      "sigma": [
        0.01140055700318105
      ],
      "height": 5658.95515823132
    }
  ],
  "bias_cv": "posebusters_pass_fraction",
  "bias_cv_names": [
    "posebusters_pass_fraction"
  ]
}