{
  "ndim": 1,
  "kbt": 1.0,
  "barrier": 5.0,
  "biasfactor": 10.0,
  "epsilon": 0.006737946999085467,
  "kernel_cutoff": 3.605551275463989,
  "compression_threshold": 0.5,
  "pace": 10,
  "sigma_min": [
    0.01
  ],
  "fixed_sigma": null,
  "explore": false,
  "bias_prefactor": 0.9,
  "sigma_0": [
    3.1622776601683795
  ],
  "sum_weights": 6.223788125373429,
  "sum_weights2": 6.243758300440369,
  "counter": 7,
  "zed": 94.33688215951999,
  "kde_norm": 6.223788125373429,
  "welford_n": 70,
  "welford_mean": [
    0.9084656084656084
  ],
  "welford_m2": [
    0.034901038604742356
  ],
  "n_merges": 5,
  "kernels": [
    {
      "center": [
        0.9259259259259259
      ],
      "sigma": [
        0.020144230205807277
      ],
      "height": 728.408173792981
    },
    {
      "center": [
        0.8888888888888888
      ],
      "sigma": [
        0.01896468130289704
      ],
      "height": 273.8241871555266
    }
  ],
  "bias_cv": "posebusters_pass_fraction",
  "bias_cv_names": [
    "posebusters_pass_fraction"
  ]
}