{
  "ndim": 1,
  "kbt": 1.0,
  "barrier": 5.0,
  "biasfactor": 10.0,
  "epsilon": 0.006737946999085467,
  "kernel_cutoff": 3.605551275463989,
  "compression_threshold": 0.5,
  "pace": 10,
  "sigma_min": [
    0.01
  ],
  "fixed_sigma": null,
  "explore": false,
  "bias_prefactor": 0.9,
  "sigma_0": [
    3.1622776601683795
  ],
  "sum_weights": 137.5862092695775,
  "sum_weights2": 144.58894879429096,
  "counter": 140,
  "zed": 149.55423585775156,
  "kde_norm": 137.5862092695775,
  "welford_n": 1400,
  "welford_mean": [
    0.9077513227513223
  ],
  "welford_m2": [
    0.49091808739957254
  ],
  "n_merges": 138,
  "kernels": [
    {
      "center": [
        0.9259259259259257
      ],
      "sigma": [
        0.010822894950056314
      ],
      "height": 25520.89708066921
    },
    {
      "center": [
        0.8888888888888888
      ],
      "sigma": [
        0.010527932979184033
      ],
      "height": 15650.856354372045
    }
  ],
  "bias_cv": "posebusters_pass_fraction",
  "bias_cv_names": [
    "posebusters_pass_fraction"
  ]
}