{
  "ndim": 1,
  "kbt": 1.0,
  "barrier": 5.0,
  "biasfactor": 10.0,
  "epsilon": 0.006737946999085467,
  "kernel_cutoff": 3.605551275463989,
  "compression_threshold": 0.5,
  "pace": 10,
  "sigma_min": [
    0.01
  ],
  "fixed_sigma": null,
  "explore": false,
  "bias_prefactor": 0.9,
  "sigma_0": [
    3.1622776601683795
  ],
  "sum_weights": 106.8241470569986,
  "sum_weights2": 112.45515935010727,
  "counter": 109,
  "zed": 147.20744547406375,
  "kde_norm": 106.8241470569986,
  "welford_n": 1090,
  "welford_mean": [
    0.9074074074074067
  ],
  "welford_m2": [
    0.384773662551443
  ],
  "n_merges": 107,
  "kernels": [
    {
      "center": [
        0.9259259259259254
      ],
      "sigma": [
        0.011054250234619969
      ],
      "height": 19701.439291554278
    },
    {
      "center": [
        0.8888888888888892
      ],
      "sigma": [
        0.010697872357492406
      ],
      "height": 11742.495931932152
    }
  ],
  "bias_cv": "posebusters_pass_fraction",
  "bias_cv_names": [
    "posebusters_pass_fraction"
  ]
}