{
  "ndim": 1,
  "kbt": 1.0,
  "barrier": 5.0,
  "biasfactor": 10.0,
  "epsilon": 0.006737946999085467,
  "kernel_cutoff": 3.605551275463989,
  "compression_threshold": 0.5,
  "pace": 10,
  "sigma_min": [
    0.01
  ],
  "fixed_sigma": null,
  "explore": false,
  "bias_prefactor": 0.9,
  "sigma_0": [
    3.1622776601683795
  ],
  "sum_weights": 156.3849981654698,
  "sum_weights2": 164.05626553981105,
  "counter": 159,
  "zed": 150.5382002681648,
  "kde_norm": 156.3849981654698,
  "welford_n": 1590,
  "welford_mean": [
    0.9074074074074064
  ],
  "welford_m2": [
    0.5562414266117999
  ],
  "n_merges": 157,
  "kernels": [
    {
      "center": [
        0.9259259259259259
      ],
      "sigma": [
        0.010728044164569609
      ],
      "height": 28977.79867783257
    },
    {
      "center": [
        0.8888888888888888
      ],
      "sigma": [
        0.010457101831051302
      ],
      "height": 18138.653773578848
    }
  ],
  "bias_cv": "posebusters_pass_fraction",
  "bias_cv_names": [
    "posebusters_pass_fraction"
  ]
}