{
  "ndim": 1,
  "kbt": 1.0,
  "barrier": 5.0,
  "biasfactor": 10.0,
  "epsilon": 0.006737946999085467,
  "kernel_cutoff": 3.605551275463989,
  "compression_threshold": 0.5,
  "pace": 10,
  "sigma_min": [
    0.01
  ],
  "fixed_sigma": null,
  "explore": false,
  "bias_prefactor": 0.9,
  "sigma_0": [
    3.1622776601683795
  ],
  "sum_weights": 87.34119230067509,
  "sum_weights2": 92.39509136023828,
  "counter": 89,
  "zed": 144.88032858884898,
  "kde_norm": 87.34119230067509,
  "welford_n": 890,
  "welford_mean": [
    0.9074490220557636
  ],
  "welford_m2": [
    0.3161850156440275
  ],
  "n_merges": 87,
  "kernels": [
    {
      "center": [
        0.9259259259259256
      ],
      "sigma": [
        0.011269253415408059
      ],
      "height": 16198.72583385865
    },
    {
      "center": [
        0.888888888888889
      ],
      "sigma": [
        0.010893641433028955
      ],
      "height": 9084.158131628466
    }
  ],
  "bias_cv": "posebusters_pass_fraction",
  "bias_cv_names": [
    "posebusters_pass_fraction"
  ]
}