{
  "ndim": 1,
  "kbt": 1.0,
  "barrier": 5.0,
  "biasfactor": 10.0,
  "epsilon": 0.006737946999085467,
  "kernel_cutoff": 3.605551275463989,
  "compression_threshold": 0.5,
  "pace": 10,
  "sigma_min": [
    0.01
  ],
  "fixed_sigma": null,
  "explore": false,
  "bias_prefactor": 0.9,
  "sigma_0": [
    3.1622776601683795
  ],
  "sum_weights": 23.036286301072597,
  "sum_weights2": 25.63828006396191,
  "counter": 23,
  "zed": 116.1116192826117,
  "kde_norm": 23.036286301072597,
  "welford_n": 230,
  "welford_mean": [
    0.9088566827697263
  ],
  "welford_m2": [
    0.08936601658018754
  ],
  "n_merges": 21,
  "kernels": [
    {
      "center": [
        0.9259259259259258
      ],
      "sigma": [
        0.01429681227438163
      ],
      "height": 3961.018790463346
    },
    {
      "center": [
        0.8888888888888891
      ],
      "sigma": [
        0.014865611140999494
      ],
      "height": 1211.5176943947292
    }
  ],
  "bias_cv": "posebusters_pass_fraction",
  "bias_cv_names": [
    "posebusters_pass_fraction"
  ]
}