{
  "ndim": 1,
  "kbt": 1.0,
  "barrier": 5.0,
  "biasfactor": 10.0,
  "epsilon": 0.006737946999085467,
  "kernel_cutoff": 3.605551275463989,
  "compression_threshold": 0.5,
  "pace": 10,
  "sigma_min": [
    0.01
  ],
  "fixed_sigma": null,
  "explore": false,
  "bias_prefactor": 0.9,
  "sigma_0": [
    3.1622776601683795
  ],
  "sum_weights": 51.34367186333586,
  "sum_weights2": 53.68983520102519,
  "counter": 54,
  "zed": 136.12835477938336,
  "kde_norm": 51.34367186333586,
  "welford_n": 540,
  "welford_mean": [
    0.9065843621399172
  ],
  "welford_m2": [
    0.1957933241883875
  ],
  "n_merges": 52,
  "kernels": [
    {
      "center": [
        0.9259259259259256
      ],
      "sigma": [
        0.012307308716856659
      ],
      "height": 8496.274924589825
    },
    {
      "center": [
        0.888888888888889
      ],
      "sigma": [
        0.011462611640104944
      ],
      "height": 5403.193570852036
    }
  ],
  "bias_cv": "posebusters_pass_fraction",
  "bias_cv_names": [
    "posebusters_pass_fraction"
  ]
}