{
  "ndim": 1,
  "kbt": 1.0,
  "barrier": 5.0,
  "biasfactor": 10.0,
  "epsilon": 0.006737946999085467,
  "kernel_cutoff": 3.605551275463989,
  "compression_threshold": 0.5,
  "pace": 10,
  "sigma_min": [
    0.01
  ],
  "fixed_sigma": null,
  "explore": false,
  "bias_prefactor": 0.9,
  "sigma_0": [
    3.1622776601683795
  ],
  "sum_weights": 113.7879134133969,
  "sum_weights2": 120.75493057223115,
  "counter": 115,
  "zed": 147.8467863117604,
  "kde_norm": 113.7879134133969,
  "welford_n": 1150,
  "welford_mean": [
    0.9080193236714968
  ],
  "welford_m2": [
    0.4049191864972901
  ],
  "n_merges": 113,
  "kernels": [
    {
      "center": [
        0.9259259259259255
      ],
      "sigma": [
        0.010962625572031077
      ],
      "height": 21670.970941046817
    },
    {
      "center": [
        0.8888888888888892
      ],
      "sigma": [
        0.010684750965847497
      ],
      "height": 11975.100560386669
    }
  ],
  "bias_cv": "posebusters_pass_fraction",
  "bias_cv_names": [
    "posebusters_pass_fraction"
  ]
}