{
  "ndim": 1,
  "kbt": 1.0,
  "barrier": 5.0,
  "biasfactor": 10.0,
  "epsilon": 0.006737946999085467,
  "kernel_cutoff": 3.605551275463989,
  "compression_threshold": 0.5,
  "pace": 10,
  "sigma_min": [
    0.01
  ],
  "fixed_sigma": null,
  "explore": false,
  "bias_prefactor": 0.9,
  "sigma_0": [
    3.1622776601683795
  ],
  "sum_weights": 13.136626691159393,
  "sum_weights2": 13.336597260126378,
  "counter": 14,
  "zed": 105.240736402325,
  "kde_norm": 13.136626691159393,
  "welford_n": 140,
  "welford_mean": [
    0.9084656084656085
  ],
  "welford_m2": [
    0.058828140309621954
  ],
  "n_merges": 12,
  "kernels": [
    {
      "center": [
        0.9259259259259259
      ],
      "sigma": [
        0.016634902546104426
      ],
      "height": 1789.2127134610446
    },
    {
      "center": [
        0.888888888888889
      ],
      "sigma": [
        0.016311439398470354
      ],
      "height": 774.6409216990097
    }
  ],
  "bias_cv": "posebusters_pass_fraction",
  "bias_cv_names": [
    "posebusters_pass_fraction"
  ]
}