{
  "ndim": 1,
  "kbt": 1.0,
  "barrier": 5.0,
  "biasfactor": 10.0,
  "epsilon": 0.006737946999085467,
  "kernel_cutoff": 3.605551275463989,
  "compression_threshold": 0.5,
  "pace": 10,
  "sigma_min": [
    0.01
  ],
  "fixed_sigma": null,
  "explore": false,
  "bias_prefactor": 0.9,
  "sigma_0": [
    3.1622776601683795
  ],
  "sum_weights": 170.95882284316738,
  "sum_weights2": 183.69335268874792,
  "counter": 172,
  "zed": 100.78062936582302,
  "kde_norm": 170.95882284316738,
  "welford_n": 1720,
  "welford_mean": [
    0.9071920757967255
  ],
  "welford_m2": [
    0.6281781350687496
  ],
  "n_merges": 169,
  "kernels": [
    {
      "center": [
        0.9259259259259262
      ],
      "sigma": [
        0.010655067333004259
      ],
      "height": 32319.81631455938
    },
    {
      "center": [
        0.888888888888889
      ],
      "sigma": [
        0.010427955357204746
      ],
      "height": 19401.653840926432
    },
    {
      "center": [
        0.8518518518518519
      ],
      "sigma": [
        0.01
      ],
      "height": 3.630316074984131
    }
  ],
  "bias_cv": "posebusters_pass_fraction",
  "bias_cv_names": [
    "posebusters_pass_fraction"
  ]
}