{
  "ndim": 1,
  "kbt": 1.0,
  "barrier": 5.0,
  "biasfactor": 10.0,
  "epsilon": 0.006737946999085467,
  "kernel_cutoff": 3.605551275463989,
  "compression_threshold": 0.5,
  "pace": 10,
  "sigma_min": [
    0.01
  ],
  "fixed_sigma": null,
  "explore": false,
  "bias_prefactor": 0.9,
  "sigma_0": [
    3.1622776601683795
  ],
  "sum_weights": 70.91040320614492,
  "sum_weights2": 74.77165948161537,
  "counter": 73,
  "zed": 141.95208774737617,
  "kde_norm": 70.91040320614492,
  "welford_n": 730,
  "welford_mean": [
    0.9075088787417556
  ],
  "welford_m2": [
    0.26130935603284816
  ],
  "n_merges": 71,
  "kernels": [
    {
      "center": [
        0.9259259259259256
      ],
      "sigma": [
        0.011590626091626652
      ],
      "height": 12733.509100867945
    },
    {
      "center": [
        0.8888888888888888
      ],
      "sigma": [
        0.011093500963633127
      ],
      "height": 7353.503135362071
    }
  ],
  "bias_cv": "posebusters_pass_fraction",
  "bias_cv_names": [
    "posebusters_pass_fraction"
  ]
}