{
  "ndim": 1,
  "kbt": 1.0,
  "barrier": 5.0,
  "biasfactor": 10.0,
  "epsilon": 0.006737946999085467,
  "kernel_cutoff": 3.605551275463989,
  "compression_threshold": 0.5,
  "pace": 10,
  "sigma_min": [
    0.01
  ],
  "fixed_sigma": null,
  "explore": false,
  "bias_prefactor": 0.9,
  "sigma_0": [
    3.1622776601683795
  ],
  "sum_weights": 77.65536936826655,
  "sum_weights2": 81.57945655569847,
  "counter": 80,
  "zed": 143.30276006958064,
  "kde_norm": 77.65536936826655,
  "welford_n": 800,
  "welford_mean": [
    0.9074074074074076
  ],
  "welford_m2": [
    0.2853223593964352
  ],
  "n_merges": 78,
  "kernels": [
    {
      "center": [
        0.9259259259259256
      ],
      "sigma": [
        0.011467861028677992
      ],
      "height": 13877.387840073867
    },
    {
      "center": [
        0.888888888888889
      ],
      "sigma": [
        0.010969556272372501
      ],
      "height": 8342.56997746304
    }
  ],
  "bias_cv": "posebusters_pass_fraction",
  "bias_cv_names": [
    "posebusters_pass_fraction"
  ]
}