{
  "ndim": 1,
  "kbt": 1.0,
  "barrier": 5.0,
  "biasfactor": 10.0,
  "epsilon": 0.006737946999085467,
  "kernel_cutoff": 3.605551275463989,
  "compression_threshold": 0.5,
  "pace": 10,
  "sigma_min": [
    0.01
  ],
  "fixed_sigma": null,
  "explore": false,
  "bias_prefactor": 0.9,
  "sigma_0": [
    3.1622776601683795
  ],
  "sum_weights": 39.08476327453782,
  "sum_weights2": 40.7825595616317,
  "counter": 42,
  "zed": 129.71161593283617,
  "kde_norm": 39.08476327453782,
  "welford_n": 420,
  "welford_mean": [
    0.904850088183421
  ],
  "welford_m2": [
    0.15226010843294877
  ],
  "n_merges": 40,
  "kernels": [
    {
      "center": [
        0.9259259259259256
      ],
      "sigma": [
        0.013193195900576417
      ],
      "height": 5904.665259361413
    },
    {
      "center": [
        0.8888888888888888
      ],
      "sigma": [
        0.011882193450631117
      ],
      "height": 4118.1959592402145
    }
  ],
  "bias_cv": "posebusters_pass_fraction",
  "bias_cv_names": [
    "posebusters_pass_fraction"
  ]
}