{
  "ndim": 1,
  "kbt": 1.0,
  "barrier": 5.0,
  "biasfactor": 10.0,
  "epsilon": 0.006737946999085467,
  "kernel_cutoff": 3.605551275463989,
  "compression_threshold": 0.5,
  "pace": 10,
  "sigma_min": [
    0.01
  ],
  "fixed_sigma": null,
  "explore": false,
  "bias_prefactor": 0.9,
  "sigma_0": [
    3.1622776601683795
  ],
  "sum_weights": 132.8048762388514,
  "sum_weights2": 139.78096996432666,
  "counter": 135,
  "zed": 149.2598278513353,
  "kde_norm": 132.8048762388514,
  "welford_n": 1350,
  "welford_mean": [
    0.9078189300411517
  ],
  "welford_m2": [
    0.47370827617741573
  ],
  "n_merges": 133,
  "kernels": [
    {
      "center": [
        0.9259259259259258
      ],
      "sigma": [
        0.010847591898230785
      ],
      "height": 24747.92252011722
    },
    {
      "center": [
        0.888888888888889
      ],
      "sigma": [
        0.01055340997128095
      ],
      "height": 14911.840652034998
    }
  ],
  "bias_cv": "posebusters_pass_fraction",
  "bias_cv_names": [
    "posebusters_pass_fraction"
  ]
}