{
  "ndim": 1,
  "kbt": 1.0,
  "barrier": 5.0,
  "biasfactor": 10.0,
  "epsilon": 0.006737946999085467,
  "kernel_cutoff": 3.605551275463989,
  "compression_threshold": 0.5,
  "pace": 10,
  "sigma_min": [
    0.01
  ],
  "fixed_sigma": null,
  "explore": false,
  "bias_prefactor": 0.9,
  "sigma_0": [
    3.1622776601683795
  ],
  "sum_weights": 19.137905801949813,
  "sum_weights2": 20.947559118565245,
  "counter": 19,
  "zed": 112.32018862115409,
  "kde_norm": 19.137905801949813,
  "welford_n": 190,
  "welford_mean": [
    0.9093567251461989
  ],
  "welford_m2": [
    0.07540971770991285
  ],
  "n_merges": 17,
  "kernels": [
    {
      "center": [
        0.925925925925926
      ],
      "sigma": [
        0.014881921640916604
      ],
      "height": 3174.830893660653
    },
    {
      "center": [
        0.888888888888889
      ],
      "sigma": [
        0.015727299035557304
      ],
      "height": 934.7956250889297
    }
  ],
  "bias_cv": "posebusters_pass_fraction",
  "bias_cv_names": [
    "posebusters_pass_fraction"
  ]
}