{
  "ndim": 1,
  "kbt": 1.0,
  "barrier": 5.0,
  "biasfactor": 10.0,
  "epsilon": 0.006737946999085467,
  "kernel_cutoff": 3.605551275463989,
  "compression_threshold": 0.5,
  "pace": 10,
  "sigma_min": [
    0.01
  ],
  "fixed_sigma": null,
  "explore": false,
  "bias_prefactor": 0.9,
  "sigma_0": [
    3.1622776601683795
  ],
  "sum_weights": 8.10426550002629,
  "sum_weights2": 8.104619863428582,
  "counter": 9,
  "zed": 97.61830304821122,
  "kde_norm": 8.10426550002629,
  "welford_n": 90,
  "welford_mean": [
    0.9069958847736626
  ],
  "welford_m2": [
    0.04182289285169951
  ],
  "n_merges": 7,
  "kernels": [
    {
      "center": [
        0.925925925925926
      ],
      "sigma": [
        0.0189901764362598
      ],
      "height": 971.784123556737
    },
    {
      "center": [
        0.8888888888888888
      ],
      "sigma": [
        0.017873523792231644
      ],
      "height": 420.4514165409638
    }
  ],
  "bias_cv": "posebusters_pass_fraction",
  "bias_cv_names": [
    "posebusters_pass_fraction"
  ]
}