{
  "ndim": 1,
  "kbt": 1.0,
  "barrier": 5.0,
  "biasfactor": 10.0,
  "epsilon": 0.006737946999085467,
  "kernel_cutoff": 3.605551275463989,
  "compression_threshold": 0.5,
  "pace": 10,
  "sigma_min": [
    0.01
  ],
  "fixed_sigma": null,
  "explore": false,
  "bias_prefactor": 0.9,
  "sigma_0": [
    3.1622776601683795
  ],
  "sum_weights": 99.60922771487623,
  "sum_weights2": 104.69156138416707,
  "counter": 102,
  "zed": 146.4511194705379,
  "kde_norm": 99.60922771487623,
  "welford_n": 1020,
  "welford_mean": [
    0.9075889615105298
  ],
  "welford_m2": [
    0.3607345544527851
  ],
  "n_merges": 100,
  "kernels": [
    {
      "center": [
        0.9259259259259253
      ],
      "sigma": [
        0.01113908807166065
      ],
      "height": 18160.921836365804
    },
    {
      "center": [
        0.8888888888888891
      ],
      "sigma": [
        0.010743250414502713
      ],
      "height": 11001.45556156959
    }
  ],
  "bias_cv": "posebusters_pass_fraction",
  "bias_cv_names": [
    "posebusters_pass_fraction"
  ]
}