{
  "ndim": 1,
  "kbt": 1.0,
  "barrier": 5.0,
  "biasfactor": 10.0,
  "epsilon": 0.006737946999085467,
  "kernel_cutoff": 3.605551275463989,
  "compression_threshold": 0.5,
  "pace": 10,
  "sigma_min": [
    0.01
  ],
  "fixed_sigma": null,
  "explore": false,
  "bias_prefactor": 0.9,
  "sigma_0": [
    3.1622776601683795
  ],
  "sum_weights": 23.580306859905658,
  "sum_weights2": 25.934238432394945,
  "counter": 24,
  "zed": 116.6178696805599,
  "kde_norm": 23.580306859905658,
  "welford_n": 240,
  "welford_mean": [
    0.9083333333333333
  ],
  "welford_m2": [
    0.09307270233196192
  ],
  "n_merges": 22,
  "kernels": [
    {
      "center": [
        0.9259259259259258
      ],
      "sigma": [
        0.01429681227438163
      ],
      "height": 3961.018790463346
    },
    {
      "center": [
        0.888888888888889
      ],
      "sigma": [
        0.01450798590256451
      ],
      "height": 1364.1223331445772
    }
  ],
  "bias_cv": "posebusters_pass_fraction",
  "bias_cv_names": [
    "posebusters_pass_fraction"
  ]
}