{
  "ndim": 1,
  "kbt": 1.0,
  "barrier": 5.0,
  "biasfactor": 10.0,
  "epsilon": 0.006737946999085467,
  "kernel_cutoff": 3.605551275463989,
  "compression_threshold": 0.5,
  "pace": 10,
  "sigma_min": [
    0.01
  ],
  "fixed_sigma": null,
  "explore": false,
  "bias_prefactor": 0.9,
  "sigma_0": [
    3.1622776601683795
  ],
  "sum_weights": 10.755784514862794,
  "sum_weights2": 10.499072397069746,
  "counter": 12,
  "zed": 101.89990051347687,
  "kde_norm": 10.755784514862794,
  "welford_n": 120,
  "welford_mean": [
    0.9074074074074073
  ],
  "welford_m2": [
    0.052126200274348576
  ],
  "n_merges": 10,
  "kernels": [
    {
      "center": [
        0.925925925925926
      ],
      "sigma": [
        0.018044780307762742
      ],
      "height": 1216.5268471879524
    },
    {
      "center": [
        0.888888888888889
      ],
      "sigma": [
        0.016311439398470354
      ],
      "height": 774.6409216990097
    }
  ],
  "bias_cv": "posebusters_pass_fraction",
  "bias_cv_names": [
    "posebusters_pass_fraction"
  ]
}