{
  "ndim": 1,
  "kbt": 1.0,
  "barrier": 5.0,
  "biasfactor": 10.0,
  "epsilon": 0.006737946999085467,
  "kernel_cutoff": 3.605551275463989,
  "compression_threshold": 0.5,
  "pace": 10,
  "sigma_min": [
    0.01
  ],
  "fixed_sigma": null,
  "explore": false,
  "bias_prefactor": 0.9,
  "sigma_0": [
    3.1622776601683795
  ],
  "sum_weights": 86.09708429543504,
  "sum_weights2": 90.84728663153591,
  "counter": 88,
  "zed": 144.69760628852822,
  "kde_norm": 86.09708429543504,
  "welford_n": 880,
  "welford_mean": [
    0.907449494949495
  ],
  "welford_m2": [
    0.3127556428482377
  ],
  "n_merges": 86,
  "kernels": [
    {
      "center": [
        0.9259259259259256
      ],
      "sigma": [
        0.011299028794829009
      ],
      "height": 15805.304338677925
    },
    {
      "center": [
        0.888888888888889
      ],
      "sigma": [
        0.010893641433028955
      ],
      "height": 9084.158131628466
    }
  ],
  "bias_cv": "posebusters_pass_fraction",
  "bias_cv_names": [
    "posebusters_pass_fraction"
  ]
}