{
  "ndim": 1,
  "kbt": 1.0,
  "barrier": 5.0,
  "biasfactor": 10.0,
  "epsilon": 0.006737946999085467,
  "kernel_cutoff": 3.605551275463989,
  "compression_threshold": 0.5,
  "pace": 10,
  "sigma_min": [
    0.01
  ],
  "fixed_sigma": null,
  "explore": false,
  "bias_prefactor": 0.9,
  "sigma_0": [
    3.1622776601683795
  ],
  "sum_weights": 4.33721475765772,
  "sum_weights2": 4.221874263494274,
  "counter": 5,
  "zed": 91.0255217504812,
  "kde_norm": 4.33721475765772,
  "welford_n": 50,
  "welford_mean": [
    0.9096296296296296
  ],
  "welford_m2": [
    0.027873799725651634
  ],
  "n_merges": 3,
  "kernels": [
    {
      "center": [
        0.9259259259259258
      ],
      "sigma": [
        0.021423460088055585
      ],
      "height": 490.983058906508
    },
    {
      "center": [
        0.8888888888888888
      ],
      "sigma": [
        0.02067184124855695
      ],
      "height": 158.54565752908695
    }
  ],
  "bias_cv": "posebusters_pass_fraction",
  "bias_cv_names": [
    "posebusters_pass_fraction"
  ]
}