{
  "ndim": 1,
  "kbt": 1.0,
  "barrier": 5.0,
  "biasfactor": 10.0,
  "epsilon": 0.006737946999085467,
  "kernel_cutoff": 3.605551275463989,
  "compression_threshold": 0.5,
  "pace": 10,
  "sigma_min": [
    0.01
  ],
  "fixed_sigma": null,
  "explore": false,
  "bias_prefactor": 0.9,
  "sigma_0": [
    3.1622776601683795
  ],
  "sum_weights": 91.33077224779906,
  "sum_weights2": 96.62674071128973,
  "counter": 93,
  "zed": 145.43595526903417,
  "kde_norm": 91.33077224779906,
  "welford_n": 930,
  "welford_mean": [
    0.9075667064914374
  ],
  "welford_m2": [
    0.32988037818782784
  ],
  "n_merges": 91,
  "kernels": [
    {
      "center": [
        0.9259259259259254
      ],
      "sigma": [
        0.011213439135560726
      ],
      "height": 16988.395439216332
    },
    {
      "center": [
        0.888888888888889
      ],
      "sigma": [
        0.010851234952381805
      ],
      "height": 9556.104480295378
    }
  ],
  "bias_cv": "posebusters_pass_fraction",
  "bias_cv_names": [
    "posebusters_pass_fraction"
  ]
}