{
  "ndim": 1,
  "kbt": 1.0,
  "barrier": 5.0,
  "biasfactor": 10.0,
  "epsilon": 0.006737946999085467,
  "kernel_cutoff": 3.605551275463989,
  "compression_threshold": 0.5,
  "pace": 10,
  "sigma_min": [
    0.01
  ],
  "fixed_sigma": null,
  "explore": false,
  "bias_prefactor": 0.9,
  "sigma_0": [
    3.1622776601683795
  ],
  "sum_weights": 88.09211510107362,
  "sum_weights2": 92.95897641239665,
  "counter": 90,
  "zed": 144.98948875902983,
  "kde_norm": 88.09211510107362,
  "welford_n": 900,
  "welford_mean": [
    0.9074485596707818
  ],
  "welford_m2": [
    0.3196143880506044
  ],
  "n_merges": 88,
  "kernels": [
    {
      "center": [
        0.9259259259259256
      ],
      "sigma": [
        0.011269253415408059
      ],
      "height": 16198.72583385865
    },
    {
      "center": [
        0.888888888888889
      ],
      "sigma": [
        0.010871788282960135
      ],
      "height": 9321.620771249602
    }
  ],
  "bias_cv": "posebusters_pass_fraction",
  "bias_cv_names": [
    "posebusters_pass_fraction"
  ]
}