{
  "ndim": 1,
  "kbt": 1.0,
  "barrier": 5.0,
  "biasfactor": 10.0,
  "epsilon": 0.006737946999085467,
  "kernel_cutoff": 3.605551275463989,
  "compression_threshold": 0.5,
  "pace": 10,
  "sigma_min": [
    0.01
  ],
  "fixed_sigma": null,
  "explore": false,
  "bias_prefactor": 0.9,
  "sigma_0": [
    3.1622776601683795
  ],
  "sum_weights": 59.72468288619629,
  "sum_weights2": 62.80128249909771,
  "counter": 62,
  "zed": 139.06855915157038,
  "kde_norm": 59.72468288619629,
  "welford_n": 620,
  "welford_mean": [
    0.9071087216248507
  ],
  "welford_m2": [
    0.2235386521527515
  ],
  "n_merges": 60,
  "kernels": [
    {
      "center": [
        0.9259259259259255
      ],
      "sigma": [
        0.01191818607110603
      ],
      "height": 10401.263504771143
    },
    {
      "center": [
        0.8888888888888888
      ],
      "sigma": [
        0.011295406471829646
      ],
      "height": 6148.513383392364
    }
  ],
  "bias_cv": "posebusters_pass_fraction",
  "bias_cv_names": [
    "posebusters_pass_fraction"
  ]
}