{
  "ndim": 1,
  "kbt": 1.0,
  "barrier": 5.0,
  "biasfactor": 10.0,
  "epsilon": 0.006737946999085467,
  "kernel_cutoff": 3.605551275463989,
  "compression_threshold": 0.5,
  "pace": 10,
  "sigma_min": [
    0.01
  ],
  "fixed_sigma": null,
  "explore": false,
  "bias_prefactor": 0.9,
  "sigma_0": [
    3.1622776601683795
  ],
  "sum_weights": 57.735038140953236,
  "sum_weights2": 60.724936864047095,
  "counter": 60,
  "zed": 138.44240995863288,
  "kde_norm": 57.735038140953236,
  "welford_n": 600,
  "welford_mean": [
    0.9067283950617284
  ],
  "welford_m2": [
    0.21645861911294154
  ],
  "n_merges": 58,
  "kernels": [
    {
      "center": [
        0.9259259259259256
      ],
      "sigma": [
        0.011985651879826944
      ],
      "height": 10017.030199086255
    },
    {
      "center": [
        0.8888888888888888
      ],
      "sigma": [
        0.01134595961516278
      ],
      "height": 5903.565776121899
    }
  ],
  "bias_cv": "posebusters_pass_fraction",
  "bias_cv_names": [
    "posebusters_pass_fraction"
  ]
}