{
  "ndim": 1,
  "kbt": 1.0,
  "barrier": 5.0,
  "biasfactor": 10.0,
  "epsilon": 0.006737946999085467,
  "kernel_cutoff": 3.605551275463989,
  "compression_threshold": 0.5,
  "pace": 10,
  "sigma_min": [
    0.01
  ],
  "fixed_sigma": null,
  "explore": false,
  "bias_prefactor": 0.9,
  "sigma_0": [
    3.1622776601683795
  ],
  "sum_weights": 125.16644276169248,
  "sum_weights2": 131.18681925342815,
  "counter": 128,
  "zed": 148.74463867179253,
  "kde_norm": 125.16644276169248,
  "welford_n": 1280,
  "welford_mean": [
    0.9075231481481476
  ],
  "welford_m2": [
    0.44991426611797275
  ],
  "n_merges": 126,
  "kernels": [
    {
      "center": [
        0.9259259259259256
      ],
      "sigma": [
        0.010915791866440596
      ],
      "height": 22830.233213265863
    },
    {
      "center": [
        0.888888888888889
      ],
      "sigma": [
        0.010572004734929787
      ],
      "height": 14414.045204536158
    }
  ],
  "bias_cv": "posebusters_pass_fraction",
  "bias_cv_names": [
    "posebusters_pass_fraction"
  ]
}