{
  "ndim": 1,
  "kbt": 1.0,
  "barrier": 5.0,
  "biasfactor": 10.0,
  "epsilon": 0.006737946999085467,
  "kernel_cutoff": 3.605551275463989,
  "compression_threshold": 0.5,
  "pace": 10,
  "sigma_min": [
    0.01
  ],
  "fixed_sigma": null,
  "explore": false,
  "bias_prefactor": 0.9,
  "sigma_0": [
    3.1622776601683795
  ],
  "sum_weights": 136.0300805185683,
  "sum_weights2": 143.3781563635673,
  "counter": 138,
  "zed": 149.4603035355457,
  "kde_norm": 136.0300805185683,
  "welford_n": 1380,
  "welford_mean": [
    0.9078099838969399
  ],
  "welford_m2": [
    0.4840013121011549
  ],
  "n_merges": 136,
  "kernels": [
    {
      "center": [
        0.9259259259259257
      ],
      "sigma": [
        0.010822894950056314
      ],
      "height": 25520.89708066921
    },
    {
      "center": [
        0.8888888888888888
      ],
      "sigma": [
        0.010544628054900496
      ],
      "height": 15158.765235805835
    }
  ],
  "bias_cv": "posebusters_pass_fraction",
  "bias_cv_names": [
    "posebusters_pass_fraction"
  ]
}