{
  "ndim": 1,
  "kbt": 1.0,
  "barrier": 5.0,
  "biasfactor": 10.0,
  "epsilon": 0.006737946999085467,
  "kernel_cutoff": 3.605551275463989,
  "compression_threshold": 0.5,
  "pace": 10,
  "sigma_min": [
    0.01
  ],
  "fixed_sigma": null,
  "explore": false,
  "bias_prefactor": 0.9,
  "sigma_0": [
    3.1622776601683795
  ],
  "sum_weights": 5.628570760085166,
  "sum_weights2": 5.8894745884996675,
  "counter": 6,
  "zed": 93.31969653576598,
  "kde_norm": 5.628570760085166,
  "welford_n": 60,
  "welford_mean": [
    0.9098765432098765
  ],
  "welford_m2": [
    0.031184270690443584
  ],
  "n_merges": 4,
  "kernels": [
    {
      "center": [
        0.9259259259259259
      ],
      "sigma": [
        0.020144230205807277
      ],
      "height": 728.408173792981
    },
    {
      "center": [
        0.8888888888888888
      ],
      "sigma": [
        0.02067184124855695
      ],
      "height": 158.54565752908695
    }
  ],
  "bias_cv": "posebusters_pass_fraction",
  "bias_cv_names": [
    "posebusters_pass_fraction"
  ]
}