{
  "ndim": 1,
  "kbt": 1.0,
  "barrier": 5.0,
  "biasfactor": 10.0,
  "epsilon": 0.006737946999085467,
  "kernel_cutoff": 3.605551275463989,
  "compression_threshold": 0.5,
  "pace": 10,
  "sigma_min": [
    0.01
  ],
  "fixed_sigma": null,
  "explore": false,
  "bias_prefactor": 0.9,
  "sigma_0": [
    3.1622776601683795
  ],
  "sum_weights": 61.715069752141666,
  "sum_weights2": 64.89306012692529,
  "counter": 64,
  "zed": 139.65586268538158,
  "kde_norm": 61.715069752141666,
  "welford_n": 640,
  "welford_mean": [
    0.9071759259259257
  ],
  "welford_m2": [
    0.2304183813443087
  ],
  "n_merges": 62,
  "kernels": [
    {
      "center": [
        0.9259259259259255
      ],
      "sigma": [
        0.01185439748166467
      ],
      "height": 10790.45542322455
    },
    {
      "center": [
        0.8888888888888887
      ],
      "sigma": [
        0.011249397097137084
      ],
      "height": 6388.737057066119
    }
  ],
  "bias_cv": "posebusters_pass_fraction",
  "bias_cv_names": [
    "posebusters_pass_fraction"
  ]
}