{
  "ndim": 1,
  "kbt": 1.0,
  "barrier": 5.0,
  "biasfactor": 10.0,
  "epsilon": 0.006737946999085467,
  "kernel_cutoff": 3.605551275463989,
  "compression_threshold": 0.5,
  "pace": 10,
  "sigma_min": [
    0.01
  ],
  "fixed_sigma": null,
  "explore": false,
  "bias_prefactor": 0.9,
  "sigma_0": [
    3.1622776601683795
  ],
  "sum_weights": 161.18605670506227,
  "sum_weights2": 168.87438336755713,
  "counter": 164,
  "zed": 150.75312042813255,
  "kde_norm": 161.18605670506227,
  "welford_n": 1640,
  "welford_mean": [
    0.9072493224932239
  ],
  "welford_m2": [
    0.5733472180400839
  ],
  "n_merges": 162,
  "kernels": [
    {
      "center": [
        0.925925925925926
      ],
      "sigma": [
        0.010709931653958574
      ],
      "height": 29743.10026528298
    },
    {
      "center": [
        0.8888888888888888
      ],
      "sigma": [
        0.010439266938401566
      ],
      "height": 18891.58020261983
    }
  ],
  "bias_cv": "posebusters_pass_fraction",
  "bias_cv_names": [
    "posebusters_pass_fraction"
  ]
}