{
  "ndim": 1,
  "kbt": 1.0,
  "barrier": 5.0,
  "biasfactor": 10.0,
  "epsilon": 0.006737946999085467,
  "kernel_cutoff": 3.605551275463989,
  "compression_threshold": 0.5,
  "pace": 10,
  "sigma_min": [
    0.01
  ],
  "fixed_sigma": null,
  "explore": false,
  "bias_prefactor": 0.9,
  "sigma_0": [
    3.1622776601683795
  ],
  "sum_weights": 75.24008984761545,
  "sum_weights2": 78.6625971363135,
  "counter": 78,
  "zed": 142.8502296720054,
  "kde_norm": 75.24008984761545,
  "welford_n": 780,
  "welford_mean": [
    0.9074074074074076
  ],
  "welford_m2": [
    0.27846364883402097
  ],
  "n_merges": 76,
  "kernels": [
    {
      "center": [
        0.9259259259259257
      ],
      "sigma": [
        0.011547605226480772
      ],
      "height": 13113.609392952148
    },
    {
      "center": [
        0.888888888888889
      ],
      "sigma": [
        0.010969556272372501
      ],
      "height": 8342.56997746304
    }
  ],
  "bias_cv": "posebusters_pass_fraction",
  "bias_cv_names": [
    "posebusters_pass_fraction"
  ]
}