{
  "ndim": 1,
  "kbt": 1.0,
  "barrier": 5.0,
  "biasfactor": 10.0,
  "epsilon": 0.006737946999085467,
  "kernel_cutoff": 3.605551275463989,
  "compression_threshold": 0.5,
  "pace": 10,
  "sigma_min": [
    0.01
  ],
  "fixed_sigma": null,
  "explore": false,
  "bias_prefactor": 0.9,
  "sigma_0": [
    3.1622776601683795
  ],
  "sum_weights": 120.37340648368405,
  "sum_weights2": 126.38077995066989,
  "counter": 123,
  "zed": 148.38751836097933,
  "kde_norm": 120.37340648368405,
  "welford_n": 1230,
  "welford_mean": [
    0.9077988557663349
  ],
  "welford_m2": [
    0.43259616135256324
  ],
  "n_merges": 121,
  "kernels": [
    {
      "center": [
        0.9259259259259255
      ],
      "sigma": [
        0.010946189597062126
      ],
      "height": 22064.710937754975
    },
    {
      "center": [
        0.8888888888888891
      ],
      "sigma": [
        0.010602515127031717
      ],
      "height": 13663.876325414782
    }
  ],
  "bias_cv": "posebusters_pass_fraction",
  "bias_cv_names": [
    "posebusters_pass_fraction"
  ]
}