{
  "ndim": 1,
  "kbt": 1.0,
  "barrier": 5.0,
  "biasfactor": 10.0,
  "epsilon": 0.006737946999085467,
  "kernel_cutoff": 3.605551275463989,
  "compression_threshold": 0.5,
  "pace": 10,
  "sigma_min": [
    0.01
  ],
  "fixed_sigma": null,
  "explore": false,
  "bias_prefactor": 0.9,
  "sigma_0": [
    3.1622776601683795
  ],
  "sum_weights": 56.51963413117183,
  "sum_weights2": 59.24772995705436,
  "counter": 59,
  "zed": 138.0432612044794,
  "kde_norm": 56.51963413117183,
  "welford_n": 590,
  "welford_mean": [
    0.9069052102950408
  ],
  "welford_m2": [
    0.21315709934668017
  ],
  "n_merges": 57,
  "kernels": [
    {
      "center": [
        0.9259259259259255
      ],
      "sigma": [
        0.01205809773380179
      ],
      "height": 9632.685704265174
    },
    {
      "center": [
        0.8888888888888888
      ],
      "sigma": [
        0.01134595961516278
      ],
      "height": 5903.565776121899
    }
  ],
  "bias_cv": "posebusters_pass_fraction",
  "bias_cv_names": [
    "posebusters_pass_fraction"
  ]
}