{
  "ndim": 1,
  "kbt": 1.0,
  "barrier": 5.0,
  "biasfactor": 10.0,
  "epsilon": 0.006737946999085467,
  "kernel_cutoff": 3.605551275463989,
  "compression_threshold": 0.5,
  "pace": 10,
  "sigma_min": [
    0.01
  ],
  "fixed_sigma": null,
  "explore": false,
  "bias_prefactor": 0.9,
  "sigma_0": [
    3.1622776601683795
  ],
  "sum_weights": 118.04262021982125,
  "sum_weights2": 124.56979622889592,
  "counter": 120,
  "zed": 148.20263547480963,
  "kde_norm": 118.04262021982125,
  "welford_n": 1200,
  "welford_mean": [
    0.9078395061728386
  ],
  "welford_m2": [
    0.4222725194330166
  ],
  "n_merges": 118,
  "kernels": [
    {
      "center": [
        0.9259259259259255
      ],
      "sigma": [
        0.010946189597062126
      ],
      "height": 22064.710937754975
    },
    {
      "center": [
        0.8888888888888892
      ],
      "sigma": [
        0.01063584074049232
      ],
      "height": 12926.816992130713
    }
  ],
  "bias_cv": "posebusters_pass_fraction",
  "bias_cv_names": [
    "posebusters_pass_fraction"
  ]
}