{
  "ndim": 1,
  "kbt": 1.0,
  "barrier": 5.0,
  "biasfactor": 10.0,
  "epsilon": 0.006737946999085467,
  "kernel_cutoff": 3.605551275463989,
  "compression_threshold": 0.5,
  "pace": 10,
  "sigma_min": [
    0.01
  ],
  "fixed_sigma": null,
  "explore": false,
  "bias_prefactor": 0.9,
  "sigma_0": [
    3.1622776601683795
  ],
  "sum_weights": 80.43175646439197,
  "sum_weights2": 84.2838378460429,
  "counter": 83,
  "zed": 143.79505823677027,
  "kde_norm": 80.43175646439197,
  "welford_n": 830,
  "welford_mean": [
    0.9076305220883537
  ],
  "welford_m2": [
    0.2955691077065482
  ],
  "n_merges": 81,
  "kernels": [
    {
      "center": [
        0.9259259259259257
      ],
      "sigma": [
        0.011430480282472308
      ],
      "height": 14264.864847504474
    },
    {
      "center": [
        0.888888888888889
      ],
      "sigma": [
        0.010917975537222924
      ],
      "height": 8833.06365903815
    }
  ],
  "bias_cv": "posebusters_pass_fraction",
  "bias_cv_names": [
    "posebusters_pass_fraction"
  ]
}