{
  "ndim": 1,
  "kbt": 1.0,
  "barrier": 5.0,
  "biasfactor": 10.0,
  "epsilon": 0.006737946999085467,
  "kernel_cutoff": 3.605551275463989,
  "compression_threshold": 0.5,
  "pace": 10,
  "sigma_min": [
    0.01
  ],
  "fixed_sigma": null,
  "explore": false,
  "bias_prefactor": 0.9,
  "sigma_0": [
    3.1622776601683795
  ],
  "sum_weights": 101.60681000236205,
  "sum_weights2": 106.78725292302353,
  "counter": 104,
  "zed": 146.67123622925897,
  "kde_norm": 101.60681000236205,
  "welford_n": 1040,
  "welford_mean": [
    0.9076923076923074
  ],
  "welford_m2": [
    0.3675424712461776
  ],
  "n_merges": 102,
  "kernels": [
    {
      "center": [
        0.9259259259259254
      ],
      "sigma": [
        0.011116528275338992
      ],
      "height": 18547.663041039636
    },
    {
      "center": [
        0.8888888888888892
      ],
      "sigma": [
        0.010727610807847406
      ],
      "height": 11246.405341102207
    }
  ],
  "bias_cv": "posebusters_pass_fraction",
  "bias_cv_names": [
    "posebusters_pass_fraction"
  ]
}