{
  "ndim": 1,
  "kbt": 1.0,
  "barrier": 5.0,
  "biasfactor": 10.0,
  "epsilon": 0.006737946999085467,
  "kernel_cutoff": 3.605551275463989,
  "compression_threshold": 0.5,
  "pace": 10,
  "sigma_min": [
    0.01
  ],
  "fixed_sigma": null,
  "explore": false,
  "bias_prefactor": 0.9,
  "sigma_0": [
    3.1622776601683795
  ],
  "sum_weights": 145.5886000621556,
  "sum_weights2": 152.967630115448,
  "counter": 148,
  "zed": 150.00378414021006,
  "kde_norm": 145.5886000621556,
  "welford_n": 1480,
  "welford_mean": [
    0.9076076076076066
  ],
  "welford_m2": [
    0.5184591999406846
  ],
  "n_merges": 146,
  "kernels": [
    {
      "center": [
        0.9259259259259258
      ],
      "sigma": [
        0.010777786513690595
      ],
      "height": 27059.62372335831
    },
    {
      "center": [
        0.8888888888888888
      ],
      "sigma": [
        0.01049721393859963
      ],
      "height": 16642.707874813623
    }
  ],
  "bias_cv": "posebusters_pass_fraction",
  "bias_cv_names": [
    "posebusters_pass_fraction"
  ]
}