{
  "ndim": 1,
  "kbt": 1.0,
  "barrier": 5.0,
  "biasfactor": 10.0,
  "epsilon": 0.006737946999085467,
  "kernel_cutoff": 3.605551275463989,
  "compression_threshold": 0.5,
  "pace": 10,
  "sigma_min": [
    0.01
  ],
  "fixed_sigma": null,
  "explore": false,
  "bias_prefactor": 0.9,
  "sigma_0": [
    3.1622776601683795
  ],
  "sum_weights": 31.335524300589285,
  "sum_weights2": 33.777661734928294,
  "counter": 33,
  "zed": 123.47630993285038,
  "kde_norm": 31.335524300589285,
  "welford_n": 330,
  "welford_mean": [
    0.9056116722783389
  ],
  "welford_m2": [
    0.12307852184395461
  ],
  "n_merges": 31,
  "kernels": [
    {
      "center": [
        0.9259259259259257
      ],
      "sigma": [
        0.013581718989696352
      ],
      "height": 5154.114908167721
    },
    {
      "center": [
        0.8888888888888887
      ],
      "sigma": [
        0.012979827787152953
      ],
      "height": 2440.349354367361
    }
  ],
  "bias_cv": "posebusters_pass_fraction",
  "bias_cv_names": [
    "posebusters_pass_fraction"
  ]
}