{
  "ndim": 1,
  "kbt": 1.0,
  "barrier": 5.0,
  "biasfactor": 10.0,
  "epsilon": 0.006737946999085467,
  "kernel_cutoff": 3.605551275463989,
  "compression_threshold": 0.5,
  "pace": 10,
  "sigma_min": [
    0.01
  ],
  "fixed_sigma": null,
  "explore": false,
  "bias_prefactor": 0.9,
  "sigma_0": [
    3.1622776601683795
  ],
  "sum_weights": 68.16916086988215,
  "sum_weights2": 72.1180778500323,
  "counter": 70,
  "zed": 141.3277760704601,
  "kde_norm": 68.16916086988215,
  "welford_n": 700,
  "welford_mean": [
    0.9074603174603174
  ],
  "welford_m2": [
    0.25102684695277444
  ],
  "n_merges": 68,
  "kernels": [
    {
      "center": [
        0.9259259259259256
      ],
      "sigma": [
        0.011637156410747015
      ],
      "height": 12344.999704179396
    },
    {
      "center": [
        0.8888888888888887
      ],
      "sigma": [
        0.01116559863885933
      ],
      "height": 6875.155591943466
    }
  ],
  "bias_cv": "posebusters_pass_fraction",
  "bias_cv_names": [
    "posebusters_pass_fraction"
  ]
}