{
  "ndim": 2,
  "kbt": 1.0,
  "barrier": 5.0,
  "biasfactor": 10.0,
  "epsilon": 0.006737946999085467,
  "kernel_cutoff": 3.605551275463989,
  "compression_threshold": 0.5,
  "pace": 10,
  "sigma_min": [
    0.01,
    0.01
  ],
  "fixed_sigma": null,
  "explore": false,
  "bias_prefactor": 0.9,
  "sigma_0": [
    3.1622776601683795,
    3.1622776601683795
  ],
  "sum_weights": 1.0490802468814389,
  "sum_weights2": 1.0009684002876553,
  "counter": 4,
  "zed": 9184.51579078866,
  "kde_norm": 1.0490802468814389,
  "welford_n": 40,
  "welford_mean": [
    0.11709023661330425,
    5.374341093704297
  ],
  "welford_m2": [
    0.23554879667573161,
    0.08732538653981087
  ],
  "n_merges": 0,
  "kernels": [
    {
      "center": [
        0.0664087216303252,
        5.31389840503622
      ],
      "sigma": [
        0.021131899838727163,
        0.012417317078199885
      ],
      "height": 38109.53813507748
    },
    {
      "center": [
        0.1396068222750596,
        5.428340717304713
      ],
      "sigma": [
        0.052587782118620786,
        0.043089076687346274
      ],
      "height": 49.02558542904569
    },
    {
      "center": [
        0.12247177454425198,
        5.334985608360307
      ],
      "sigma": [
        0.04953859440271978,
        0.046566089433681894
      ],
      "height": 116.447186625842
    },
    {
      "center": [
        0.44690613376535243,
        5.308575379170086
      ],
      "sigma": [
        0.06794330557274436,
        0.04136913933325752
      ],
      "height": 39.52316117733034
    }
  ],
  "bias_cv": "ligand_rmsd,ligand_pocket_dist",
  "bias_cv_names": [
    "ligand_rmsd",
    "ligand_pocket_dist"
  ]
}