{
  "ndim": 2,
  "kbt": 1.0,
  "barrier": 5.0,
  "biasfactor": 10.0,
  "epsilon": 0.006737946999085467,
  "kernel_cutoff": 3.605551275463989,
  "compression_threshold": 0.5,
  "pace": 10,
  "sigma_min": [
    0.01,
    0.01
  ],
  "fixed_sigma": null,
  "explore": false,
  "bias_prefactor": 0.9,
  "sigma_0": [
    3.1622776601683795,
    3.1622776601683795
  ],
  "sum_weights": 1.0,
  "sum_weights2": 1.0,
  "counter": 1,
  "zed": 38052.242761818925,
  "kde_norm": 1.0,
  "welford_n": 10,
  "welford_mean": [
    0.022498700621396132,
    5.332526744666165
  ],
  "welford_m2": [
    0.004465571907939971,
    0.0015418976342055453
  ],
  "n_merges": 0,
  "kernels": [
    {
      "center": [
        0.0664087216303252,
        5.31389840503622
      ],
      "sigma": [
        0.021131899838727163,
        0.012417317078199885
      ],
      "height": 38109.53813507748
    }
  ],
  "bias_cv": "ligand_rmsd,ligand_pocket_dist",
  "bias_cv_names": [
    "ligand_rmsd",
    "ligand_pocket_dist"
  ]
}