{
  "ndim": 2,
  "kbt": 1.0,
  "barrier": 5.0,
  "biasfactor": 10.0,
  "epsilon": 0.006737946999085467,
  "kernel_cutoff": 3.605551275463989,
  "compression_threshold": 0.5,
  "pace": 10,
  "sigma_min": [
    0.01,
    0.01
  ],
  "fixed_sigma": null,
  "explore": false,
  "bias_prefactor": 0.9,
  "sigma_0": [
    3.1622776601683795,
    3.1622776601683795
  ],
  "sum_weights": 1.0111089965382423,
  "sum_weights2": 1.0001234098040868,
  "counter": 2,
  "zed": 18841.523519018407,
  "kde_norm": 1.0111089965382423,
  "welford_n": 20,
  "welford_mean": [
    0.07714779168047757,
    5.380062894328887
  ],
  "welford_m2": [
    0.06968559897895124,
    0.04678511526664159
  ],
  "n_merges": 0,
  "kernels": [
    {
      "center": [
        0.0664087216303252,
        5.31389840503622
      ],
      "sigma": [
        0.021131899838727163,
        0.012417317078199885
      ],
      "height": 38109.53813507748
    },
    {
      "center": [
        0.1396068222750596,
        5.428340717304713
      ],
      "sigma": [
        0.052587782118620786,
        0.043089076687346274
      ],
      "height": 49.02558542904569
    }
  ],
  "bias_cv": "ligand_rmsd,ligand_pocket_dist",
  "bias_cv_names": [
    "ligand_rmsd",
    "ligand_pocket_dist"
  ]
}