{
  "ndim": 1,
  "kbt": 1.0,
  "barrier": 5.0,
  "biasfactor": 10.0,
  "epsilon": 0.006737946999085467,
  "kernel_cutoff": 3.605551275463989,
  "compression_threshold": 0.5,
  "pace": 5,
  "sigma_min": [
    0.01
  ],
  "fixed_sigma": null,
  "explore": false,
  "bias_prefactor": 0.9,
  "sigma_0": [
    3.1622776601683795
  ],
  "sum_weights": 1.1260648126551251,
  "sum_weights2": 1.0046476359743626,
  "counter": 6,
  "zed": 19.104064846672507,
  "kde_norm": 1.1260648126551251,
  "welford_n": 30,
  "welford_mean": [
    0.3191299675611493
  ],
  "welford_m2": [
    1.3962460955208913
  ],
  "n_merges": 2,
  "kernels": [
    {
      "center": [
        0.10704605247338102
      ],
      "sigma": [
        0.03925835268866421
      ],
      "height": 80.55044197209737
    },
    {
      "center": [
        0.24679684173880007
      ],
      "sigma": [
        0.08045394411143506
      ],
      "height": 3.767202503126397
    },
    {
      "center": [
        0.583804492740644
      ],
      "sigma": [
        0.13344661857540316
      ],
      "height": 0.2632493198763345
    },
    {
      "center": [
        0.7164815901792508
      ],
      "sigma": [
        0.19491469895941532
      ],
      "height": 0.31140231390725304
    }
  ],
  "bias_cv": "ligand_rmsd",
  "bias_cv_names": [
    "ligand_rmsd"
  ]
}