{
  "ndim": 1,
  "kbt": 1.0,
  "barrier": 5.0,
  "biasfactor": 10.0,
  "epsilon": 0.006737946999085467,
  "kernel_cutoff": 3.605551275463989,
  "compression_threshold": 0.5,
  "pace": 5,
  "sigma_min": [
    0.01
  ],
  "fixed_sigma": null,
  "explore": false,
  "bias_prefactor": 0.9,
  "sigma_0": [
    3.1622776601683795
  ],
  "sum_weights": 1.0115942104071192,
  "sum_weights2": 1.0001344257149645,
  "counter": 2,
  "zed": 40.03367319856655,
  "kde_norm": 1.0115942104071192,
  "welford_n": 10,
  "welford_mean": [
    0.13919827498890208
  ],
  "welford_m2": [
    0.0867769840918068
  ],
  "n_merges": 0,
  "kernels": [
    {
      "center": [
        0.10704605247338102
      ],
      "sigma": [
        0.03925835268866421
      ],
      "height": 80.55044197209737
    },
    {
      "center": [
        0.24643302426989128
      ],
      "sigma": [
        0.08589819229805513
      ],
      "height": 0.4268321786156478
    }
  ],
  "bias_cv": "ligand_rmsd",
  "bias_cv_names": [
    "ligand_rmsd"
  ]
}