{
  "config": {
    "epochs": 5,
    "batch_size": 4,
    "learning_rate": 3e-06,
    "beta": 0.01,
    "gamma": 1.0,
    "max_grad_norm": 1.0,
    "data_path": "/__modal/volumes/vo-Y6gJnb7Z13CYnHbTxZjkhG/26-04-22-tps-diffusion/mek1_fzc_wdsm_correct.npz",
    "n_samples": 200,
    "n_eff": 198.06411522823007
  },
  "epoch_losses": [
    0.19110503911972046,
    0.1897120061516762,
    0.195948069691658,
    0.19748827397823335,
    0.19665688902139664
  ]
}