{
  "n_samples": 100,
  "models": [
    "Baseline",
    "Cartesian-trained",
    "Quotient-trained"
  ],
  "ks_tests": {
    "rmsd": {
      "Cartesian-trained": {
        "ks_statistic": 0.11,
        "p_value": 0.5830090612540064,
        "cohens_d": 0.0038536332860154244,
        "mean_shift": 0.020875511169432315
      },
      "Quotient-trained": {
        "ks_statistic": 1.0,
        "p_value": 2.2087606931995054e-59,
        "cohens_d": 14.330985081671319,
        "mean_shift": 171.95070693969728
      }
    },
    "rg": {
      "Cartesian-trained": {
        "ks_statistic": 0.94,
        "p_value": 1.8202093455200697e-48,
        "cohens_d": -3.1132229805542035,
        "mean_shift": -0.2835704612731931
      },
      "Quotient-trained": {
        "ks_statistic": 1.0,
        "p_value": 2.2087606931995054e-59,
        "cohens_d": 18.533705789709106,
        "mean_shift": 180.39064924240114
      }
    },
    "contact_order": {
      "Cartesian-trained": {
        "ks_statistic": 1.0,
        "p_value": 2.2087606931995054e-59,
        "cohens_d": 5.218779360520438,
        "mean_shift": 0.0010332909243475075
      },
      "Quotient-trained": {
        "ks_statistic": 1.0,
        "p_value": 2.2087606931995054e-59,
        "cohens_d": -8.143006968387397,
        "mean_shift": -0.012813439840249984
      }
    },
    "clash_count": {
      "Cartesian-trained": {
        "ks_statistic": 1.0,
        "p_value": 2.2087606931995054e-59,
        "cohens_d": 18.94892601910892,
        "mean_shift": 1169.1099999999997
      },
      "Quotient-trained": {
        "ks_statistic": 1.0,
        "p_value": 2.2087606931995054e-59,
        "cohens_d": 4.620005332478588,
        "mean_shift": 3019.5299999999997
      }
    }
  },
  "summaries": {
    "Baseline": {
      "rmsd": {
        "mean": 29.239324188232423,
        "std": 5.596028606994815,
        "min": 11.42902946472168,
        "max": 36.35982894897461
      },
      "rg": {
        "mean": 20.464763050079345,
        "std": 0.0764579742433805,
        "min": 20.336223602294922,
        "max": 20.887357711791992
      },
      "contact_order": {
        "mean": 0.02589357702049543,
        "std": 0.00014218344639976954,
        "min": 0.025562748071194248,
        "max": 0.026232172746799183
      },
      "clash_count": {
        "mean": 4297.76,
        "std": 29.926282762815703,
        "min": 4212.0,
        "max": 4373.0
      },
      "ligand_rmsd": {
        "mean": 0.0,
        "std": 0.0,
        "min": 0.0,
        "max": 0.0
      },
      "ligand_pocket_dist": {
        "mean": 0.0,
        "std": 0.0,
        "min": 0.0,
        "max": 0.0
      }
    },
    "Cartesian-trained": {
      "rmsd": {
        "mean": 29.260199699401856,
        "std": 5.232052807035366,
        "min": 12.915470123291016,
        "max": 36.01383972167969
      },
      "rg": {
        "mean": 20.18119258880615,
        "std": 0.10366981525199769,
        "min": 19.955381393432617,
        "max": 20.58072853088379
      },
      "contact_order": {
        "mean": 0.026926867944842937,
        "std": 0.00024122129067559754,
        "min": 0.02628087701886332,
        "max": 0.027510400823205824
      },
      "clash_count": {
        "mean": 5466.87,
        "std": 81.9615342706565,
        "min": 5294.0,
        "max": 5724.0
      },
      "ligand_rmsd": {
        "mean": 0.0,
        "std": 0.0,
        "min": 0.0,
        "max": 0.0
      },
      "ligand_pocket_dist": {
        "mean": 0.0,
        "std": 0.0,
        "min": 0.0,
        "max": 0.0
      }
    },
    "Quotient-trained": {
      "rmsd": {
        "mean": 201.1900311279297,
        "std": 16.019168177561536,
        "min": 156.5245819091797,
        "max": 239.96910095214844
      },
      "rg": {
        "mean": 200.85541229248048,
        "std": 13.76448779034494,
        "min": 156.9150390625,
        "max": 227.90150451660156
      },
      "contact_order": {
        "mean": 0.013080137180245446,
        "std": 0.002220790793644294,
        "min": 0.008999409590233862,
        "max": 0.018676015814380765
      },
      "clash_count": {
        "mean": 7317.29,
        "std": 923.8131011736085,
        "min": 4927.0,
        "max": 9704.0
      },
      "ligand_rmsd": {
        "mean": 0.0,
        "std": 0.0,
        "min": 0.0,
        "max": 0.0
      },
      "ligand_pocket_dist": {
        "mean": 0.0,
        "std": 0.0,
        "min": 0.0,
        "max": 0.0
      }
    }
  }
}