{
  "n_baseline": 100,
  "n_finetuned": 100,
  "finetuned_checkpoint": "/mnt/shared/26-04-22-tps-diffusion/openmm_opes_md/wdsm_training_v6/boltz2_wdsm_final.pt",
  "diffusion_steps": 32,
  "ks_tests": {
    "clash_count": {
      "ks_statistic": 1.0,
      "p_value": 2.2087606931995054e-59
    },
    "contact_order": {
      "ks_statistic": 1.0,
      "p_value": 2.2087606931995054e-59
    },
    "ligand_pocket_dist": {
      "ks_statistic": 0.8,
      "p_value": 3.5640292810890176e-32
    },
    "ligand_rmsd": {
      "ks_statistic": 0.67,
      "p_value": 1.3341803223979991e-21
    },
    "rg": {
      "ks_statistic": 0.96,
      "p_value": 1.4287357500157535e-51
    },
    "rmsd": {
      "ks_statistic": 0.09,
      "p_value": 0.8154147124661313
    }
  },
  "baseline_summary": {
    "rmsd": {
      "mean": 27.54090574145317,
      "std": 6.457564109388752,
      "min": 1.8300246000289917,
      "max": 36.54509353637695
    },
    "rg": {
      "mean": 20.51818655014038,
      "std": 0.0751526553240044,
      "min": 20.398357391357422,
      "max": 20.92755126953125
    },
    "contact_order": {
      "mean": 0.025893710439113052,
      "std": 0.0001422144015678707,
      "min": 0.02556326620174812,
      "max": 0.026235540595399363
    },
    "clash_count": {
      "mean": 4297.96,
      "std": 29.723700980867104,
      "min": 4207.0,
      "max": 4374.0
    },
    "ligand_rmsd": {
      "mean": 0.30341524187162766,
      "std": 0.25090102947212795,
      "min": 0.06627915848296331,
      "max": 1.0203948232243594
    },
    "ligand_pocket_dist": {
      "mean": 5.429247077660254,
      "std": 0.11767618112161672,
      "min": 5.238742440696453,
      "max": 5.6996552488069705
    }
  },
  "finetuned_summary": {
    "rmsd": {
      "mean": 27.065467376708984,
      "std": 6.32341942706371,
      "min": 5.166991233825684,
      "max": 36.01710510253906
    },
    "rg": {
      "mean": 20.202257080078127,
      "std": 0.10006837548112245,
      "min": 19.96060562133789,
      "max": 20.572113037109375
    },
    "contact_order": {
      "mean": 0.026928185291776156,
      "std": 0.00024144267731809774,
      "min": 0.026283726736909627,
      "max": 0.02751325054125213
    },
    "clash_count": {
      "mean": 5468.43,
      "std": 81.65405746195347,
      "min": 5301.0,
      "max": 5709.0
    },
    "ligand_rmsd": {
      "mean": 0.4802204724358369,
      "std": 0.1717498610684542,
      "min": 0.2501038757202288,
      "max": 1.1686590936151944
    },
    "ligand_pocket_dist": {
      "mean": 5.82482586561004,
      "std": 0.16098060864689281,
      "min": 5.316514371030201,
      "max": 6.1727120896739365
    }
  }
}