{
  "cv_type": "ligand_rmsd,ligand_contacts",
  "cv_names": [
    "ligand_rmsd",
    "ligand_contacts"
  ],
  "ndim": 2,
  "cv_values": [
    [
      1.0000139276680973e-12,
      179.580078125
    ],
    [
      0.11654353761841797,
      178.3919677734375
    ],
    [
      0.17707696048464402,
      177.97390747070312
    ],
    [
      0.17707696048464402,
      177.97390747070312
    ],
    [
      0.17707696048464402,
      177.97390747070312
    ],
    [
      0.1770346267154067,
      178.0095977783203
    ],
    [
      0.1770346267154067,
      178.0095977783203
    ],
    [
      0.1770346267154067,
      178.0095977783203
    ],
    [
      0.1770346267154067,
      178.0095977783203
    ],
    [
      0.1770346267154067,
      178.0095977783203
    ],
    [
      0.1770346267154067,
      178.0095977783203
    ],
    [
      0.1770346267154067,
      178.0095977783203
    ],
    [
      0.1770346267154067,
      178.0095977783203
    ],
    [
      0.17989181457772804,
      177.8963165283203
    ],
    [
      0.17989181457772804,
      177.8963165283203
    ],
    [
      0.12301837979801485,
      177.93948364257812
    ],
    [
      0.12301837979801485,
      177.93948364257812
    ],
    [
      0.24330291271078694,
      177.26414489746094
    ],
    [
      0.053823469652346786,
      178.44833374023438
    ],
    [
      0.0936839002743489,
      178.154296875
    ],
    [
      0.5658504668459302,
      178.13568115234375
    ],
    [
      0.5357574184018268,
      174.4491729736328
    ],
    [
      0.5357574184018268,
      174.4491729736328
    ],
    [
      0.10082867758086629,
      178.73312377929688
    ],
    [
      0.10082867758086629,
      178.73312377929688
    ],
    [
      0.10082867758086629,
      178.73312377929688
    ],
    [
      0.04431607339062959,
      180.59616088867188
    ],
    [
      0.04431607339062959,
      180.59616088867188
    ],
    [
      0.04431607339062959,
      180.59616088867188
    ],
    [
      0.04431607339062959,
      180.59616088867188
    ],
    [
      0.04431607339062959,
      180.59616088867188
    ],
    [
      0.5561749645501305,
      182.26995849609375
    ],
    [
      0.6064028518541965,
      179.35784912109375
    ],
    [
      0.44435994199246615,
      177.933349609375
    ],
    [
      0.44435994199246615,
      177.933349609375
    ],
    [
      0.44435994199246615,
      177.933349609375
    ],
    [
      0.1703013547350707,
      178.08123779296875
    ],
    [
      0.05934524901236853,
      178.29991149902344
    ],
    [
      0.05934524901236853,
      178.29991149902344
    ],
    [
      0.05934524901236853,
      178.29991149902344
    ],
    [
      0.05934524901236853,
      178.29991149902344
    ],
    [
      0.05972153831763236,
      178.18557739257812
    ],
    [
      0.06797125470154032,
      179.03172302246094
    ],
    [
      0.21499799010233292,
      179.0433349609375
    ],
    [
      0.21499799010233292,
      179.0433349609375
    ],
    [
      0.21499799010233292,
      179.0433349609375
    ],
    [
      0.19075843657261105,
      176.42300415039062
    ],
    [
      0.19075843657261105,
      176.42300415039062
    ],
    [
      0.19075843657261105,
      176.42300415039062
    ],
    [
      0.18986876711426232,
      176.58233642578125
    ]
  ],
  "mc_steps": [
    1,
    2,
    3,
    4,
    5,
    6,
    7,
    8,
    9,
    10,
    11,
    12,
    13,
    14,
    15,
    16,
    17,
    18,
    19,
    20,
    21,
    22,
    23,
    24,
    25,
    26,
    27,
    28,
    29,
    30,
    31,
    32,
    33,
    34,
    35,
    36,
    37,
    38,
    39,
    40,
    41,
    42,
    43,
    44,
    45,
    46,
    47,
    48,
    49,
    50
  ]
}