{
  "ndim": 2,
  "kbt": 1.0,
  "barrier": 5.0,
  "biasfactor": 10.0,
  "epsilon": 0.006737946999085467,
  "kernel_cutoff": 3.605551275463989,
  "compression_threshold": 1.0,
  "pace": 1,
  "sigma_min": [
    0.005,
    0.005
  ],
  "fixed_sigma": [
    1.0,
    5.0
  ],
  "explore": false,
  "bias_prefactor": 0.9,
  "sigma_0": [
    3.1622776601683795,
    3.1622776601683795
  ],
  "sum_weights": 48.23427415619188,
  "sum_weights2": 46.73988375150778,
  "counter": 50,
  "zed": 1.9969931216140449,
  "kde_norm": 48.23427415619188,
  "welford_n": 50,
  "welford_mean": [
    0.19320569281710878,
    178.29261047363286
  ],
  "welford_m2": [
    1.1969838862071345,
    94.00602812983121
  ],
  "n_merges": 49,
  "kernels": [
    {
      "center": [
        0.18776832520955034,
        178.29068353480184
      ],
      "sigma": [
        1.0109487358774774,
        5.1611753540152705
      ],
      "height": 96.46854831238376
    }
  ],
  "bias_cv": "ligand_rmsd,ligand_contacts",
  "bias_cv_names": [
    "ligand_rmsd",
    "ligand_contacts"
  ]
}