{
  "ndim": 2,
  "kbt": 1.0,
  "barrier": 5.0,
  "biasfactor": 10.0,
  "epsilon": 0.006737946999085467,
  "kernel_cutoff": 3.605551275463989,
  "compression_threshold": 1.0,
  "pace": 1,
  "sigma_min": [
    0.005,
    0.005
  ],
  "fixed_sigma": [
    0.5,
    0.5
  ],
  "explore": false,
  "bias_prefactor": 0.9,
  "sigma_0": [
    3.1622776601683795,
    3.1622776601683795
  ],
  "sum_weights": 525.1417432005351,
  "sum_weights2": 560.451439338934,
  "counter": 500,
  "zed": 34.00119582268923,
  "kde_norm": 525.1417432005351,
  "welford_n": 500,
  "welford_mean": [
    0.21635829250495195,
    1.399361862558837
  ],
  "welford_m2": [
    22.90006937062142,
    0.12309740077462819
  ],
  "n_merges": 498,
  "kernels": [
    {
      "center": [
        0.11225345262687662,
        1.3988231849147248
      ],
      "sigma": [
        0.5075301208041954,
        0.5002361768772069
      ],
      "height": 17026.096876682826
    },
    {
      "center": [
        0.5391283667770604,
        1.400737927979819
      ],
      "sigma": [
        0.5129544364136543,
        0.5002699483679666
      ],
      "height": 3979.572851338568
    }
  ],
  "bias_cv": "ligand_rmsd,ligand_pocket_dist",
  "bias_cv_names": [
    "ligand_rmsd",
    "ligand_pocket_dist"
  ]
}