{
  "ndim": 2,
  "kbt": 1.0,
  "barrier": 5.0,
  "biasfactor": 10.0,
  "epsilon": 0.006737946999085467,
  "kernel_cutoff": 3.605551275463989,
  "compression_threshold": 1.0,
  "pace": 1,
  "sigma_min": [
    0.005,
    0.005
  ],
  "fixed_sigma": [
    0.5,
    0.5
  ],
  "explore": false,
  "bias_prefactor": 0.9,
  "sigma_0": [
    3.1622776601683795,
    3.1622776601683795
  ],
  "sum_weights": 214.2609567256632,
  "sum_weights2": 231.9246532768702,
  "counter": 200,
  "zed": 34.22927116664483,
  "kde_norm": 214.2609567256632,
  "welford_n": 200,
  "welford_mean": [
    0.18244286075025185,
    1.40041409121678
  ],
  "welford_m2": [
    5.670344244229934,
    0.043515134371899786
  ],
  "n_merges": 198,
  "kernels": [
    {
      "center": [
        0.10886644252893532,
        1.4009294288540142
      ],
      "sigma": [
        0.5029553455529224,
        0.5002336043816525
      ],
      "height": 7328.843413461611
    },
    {
      "center": [
        0.5213074323907522,
        1.3965468919542559
      ],
      "sigma": [
        0.5032313651794164,
        0.5001012254796904
      ],
      "height": 1241.594855564925
    }
  ],
  "bias_cv": "ligand_rmsd,ligand_pocket_dist",
  "bias_cv_names": [
    "ligand_rmsd",
    "ligand_pocket_dist"
  ]
}